"SP500Returns","SP500Returns_pct_change","HouseValue_pct_change","RetailSales_pct_change","BuildingPermits_pct_change","ConsumerSentiment_pct_change","AvgWeeklyHoursMan_pct_change","NewOrdersMan_pct_change","ThreemonthsIR_pct_change","FiveyearsIR_pct_change","TenyearsIR_pct_change","ThirtyyearsIR_pct_change","IndProdInd_pct_change","DispPersIncome_pct_change","ManTradeSales_pct_change","TotalInvToSales_pct_change","AvgDurUnem_pct_change","YOYCoreCPI_pct_change","PrimeLendRate_pct_change","CommNndLoansAllBanks_pct_change","OutstandingLoans_pct_change","cluster","id"
0.012155652737941391,0.09551733806054069,0.005602575369684005,0.005273180020506807,-0.05665722379603399,-0.01687289088863897,0.0,-0.02748706607164009,0.028761061946902745,0.020746887966804906,0.04320987654320984,0.055102040816326525,0.0031716730144080163,-4.823280366570428E-4,-0.0094494080605807,0.007936507936507908,-0.023391812865497182,0.0946910232624627,0.0,0.016553100765728468,0.010105506629328296,"cluster_0",1
-0.030916916141150885,-3.5434188362958112,0.005129642207456043,-0.0023778448107489862,-0.04654654654654655,-0.0949656750572083,0.005025125628140836,0.011578381606449641,0.019354838709677358,0.024390243902439046,0.009861932938856064,0.007736943907156621,-4.3476414550602784E-5,-6.791596293217463E-4,0.008218823122948526,0.0,0.023952095808383422,0.06362354982109153,0.032258064516129004,0.0138693006036239,0.011219965751330328,"cluster_0",2
8.659622778250835E-5,-1.0028009335532413,0.004233984339928388,0.004319533614672633,-0.019947506561679762,0.07332490518331247,0.002499999999999947,0.00937015906600669,0.027426160337552734,0.011904761904761862,0.005859374999999999,-0.0038387715930900956,0.0031253823310235514,0.0013860695538645553,-0.0027531002556839823,0.007874015748031482,-0.029239766081871284,0.08109345433088389,0.03125,0.012617783021773075,0.00570336147899475,"cluster_0",3
0.005085878797990827,57.73095085347431,0.0032797376209903195,0.003156096836476996,-0.055704338510980216,-0.002355712603062443,-0.0024937655860349794,-0.024777746584315974,0.020533880903490724,-0.03725490196078418,-0.031067961165048612,-0.02312138728323698,-6.219193823141511E-4,-1.6967012555602057E-4,-0.004340586908577415,0.0078125,0.03012048192771077,0.01734646919052585,0.0,0.009544217594121829,0.007367458196801291,"cluster_0",4
0.02127419303234812,3.1829925323333437,0.002457624733835484,0.0034546149954965966,-0.02325581395348841,-0.031877213695395534,-0.0025000000000000573,0.0045819949190233356,-0.010060362173038191,-0.04276985743380857,-0.050100200400801646,-0.03747534516765293,0.004379342654817764,-5.984119753846827E-4,0.005607437050656028,-0.007751937984496138,0.0,0.05450577379966237,0.0,0.01918088272240559,0.007048469195270579,"cluster_0",5
0.02456629851250947,0.15474643269221008,0.0014878028240181693,-0.006418216916059038,-0.0389082462253194,0.04146341463414638,0.0,0.04063673855367878,-0.030487804878048818,-0.023404255319149022,-0.02109704641350218,-0.02254098360655743,-0.0016890687527301165,0.005603417459069117,-1.8173833891155241E-4,0.0234375,0.0,0.034059316199089196,0.0,-0.005042469179823094,0.0038819956459303917,"cluster_0",6
0.03150800296155421,0.28257022300327156,0.001065141832043981,-0.0017262928634186325,-0.051359516616314216,0.09601873536299754,0.002506265664160346,-0.045844654134234115,0.03773584905660399,-0.00435729847494548,-0.006465517241379225,-0.010482180293501009,-0.0012090937530492285,0.004772357651324778,7.255252256539445E-4,0.007633587786259444,-0.04678362573099414,-0.05413660010068699,0.0,0.016818942655530078,0.024329659457675398,"cluster_0",7
0.016466656727820217,-0.4773817703421986,6.673386720426053E-4,0.0020608780270114924,-0.022292993630573243,-0.01602564102564108,-0.0025000000000000573,0.02562061385576642,-0.010101010101010062,-0.026258205689277943,-0.03253796095444694,-0.033898305084745776,-5.58951226218074E-4,0.004165929594905472,5.792198072904763E-4,-0.00757575757575757,-0.00613496932515345,-0.055908289241621834,0.0,0.004143143723871922,0.010535270024944587,"cluster_0",8
0.01261578285265985,-0.23385887850897852,3.8241452802112447E-4,0.01084297479766061,0.06710097719869701,-0.004343105320303908,0.0,0.026833094540756223,-0.0020408163265307573,0.056179775280898785,0.056053811659192876,0.054824561403508776,0.010227978105073145,0.004729985642687896,0.015995287895704147,-0.02290076335877866,-0.006172839506172755,-0.0014792899408356817,0.0,0.009546790809551009,0.012399621287589644,"cluster_1",9
0.014059042735039773,0.11440113540600699,3.0767939806719525E-4,0.0010157595709334721,-0.007326007326007301,0.05670665212649939,0.002506265664160346,-0.02281145665389339,0.020449897750511422,0.025531914893617055,0.025477707006369418,0.02494802494802495,-0.003916107911415833,-2.7176771750170314E-4,-0.006098772040278088,0.0234375,0.012422360248447227,0.01686227900758075,0.0,0.01034228449885366,0.0029629581017021063,"cluster_0",10
-0.02184617603352823,-2.5538878745336167,7.456600256317004E-5,0.002359550218380635,-0.017220172201722006,-0.057791537667698734,-0.0050000000000001155,0.005854103130367828,0.004008016032064119,-0.06224066390041504,-0.055900621118012514,-0.05070993914807297,0.00950931303825353,0.003148101054920805,0.006000401209801831,-0.007633587786259555,0.024539877300613355,0.02298624754420797,0.0,0.016701138201466348,0.005631624226857034,"cluster_0",11
0.009979982896830553,-1.4568297390588567,-1.817410795420529E-4,0.008007244940585911,-0.0012515644555695093,-0.03176341730558585,0.005025125628140836,0.027294904858158556,-0.021956087824351225,0.004424778761062064,0.019736842105263275,0.03418803418803429,0.002143645049677678,0.0030945137941886807,0.0012547388248864697,-0.015384615384615441,0.06586826347305406,-0.07850695149144658,0.0,0.004356013246828327,-0.010190543496720881,"cluster_1",12
0.04329069060242419,3.3377519831394156,-6.152354673925056E-4,-0.0030824704533560787,-0.07894736842105264,-0.014705882352941345,0.0,0.010037136046390673,-0.022448979591836782,-0.006607929515418552,-0.004301075268817289,-0.0061983471074380505,0.007166493278442988,0.0013159041394334994,-0.001724252830156869,0.0,-0.05056179775280911,-0.03577132409510785,0.0,0.007891311935941614,0.011894732733343181,"cluster_0",13
0.03254922870993494,-0.24812405953828232,-0.0014644156328700313,0.014085447263017414,0.0156462585034014,0.013777267508610748,0.0,-0.0015786079588711035,-0.03966597077244273,0.07760532150776056,0.05831533477321815,0.04158004158004158,6.398053262073322E-4,4.69969800088732E-4,0.006691005968193275,0.0,-0.017751479289940694,-0.06116972331248637,0.0,0.01462115031924549,0.008356441933659696,"cluster_1",14
-0.017816322202167556,-1.5473654187304755,-0.002148468515595026,-0.009353624454671137,-0.05760214333556601,-0.033975084937712396,0.002499999999999947,0.0014532699695666285,0.017391304347826205,0.012345679012345512,0.026530612244897833,0.021956087824351433,2.710804323142746E-4,-6.176329868209376E-4,-0.0011372280599590832,0.0,-0.006024096385542242,-0.0379794349222593,0.0,0.014820128845364433,0.008781848255453138,"cluster_0",15
-0.03198187831680255,0.7950886806992966,-0.0028926354811229524,0.0038238954197826742,-0.03269367448471927,0.05978898007034017,0.0,0.008789825748702906,0.029914529914530023,-0.06504065040650409,-0.04970178926441349,-0.0390625,-0.0011930198031467887,0.0010445318756311386,-0.005958167680297887,0.0078125,0.042424242424242475,-0.006160464512988574,0.0,0.015532897868560267,0.008550684137788032,"cluster_0",16
0.012863571531556817,-1.4022143854133358,-0.002788365848620856,0.005497349116271755,-0.02939015429831004,-0.07743362831858402,0.0,0.004737337500887895,-0.1887966804979253,-0.07608695652173902,-0.05020920502092052,-0.018292682926829285,0.0023888895988926073,5.043302841640784E-4,0.012551222036107701,-0.007751937984496138,-0.011627906976744092,-0.03676334819577897,0.0,0.028262189426489833,0.019177350844485685,"cluster_0",17
0.03579400834329949,1.7825871108571902,-0.0033280924899027346,0.003809449709578194,-0.04542013626040874,0.0,0.0,-0.008760533630285616,-0.04859335038363168,-0.0047058823529411145,0.011013215859030808,0.0,0.0023380823997511953,0.001816412021345082,4.852116584230792E-4,0.0,-0.04117647058823525,0.006157581522263866,-0.06060606060606055,0.02923637558297365,0.012960057761219666,"cluster_0",18
0.01482233830031121,-0.5858988979901183,-0.003740666046371023,0.006224623034682519,-0.05471847739888979,-0.029976019184652314,-0.004987531172069848,0.022900678282694376,0.032258064516129,-0.016548463356974016,-0.02396514161220031,-0.01863354037267073,-0.0030821224179886646,-3.036323099478987E-4,0.0053120064986829085,-0.0078125,0.042944785276073594,0.026268671511494146,-0.032258064516129004,0.012565870759049913,0.014596273045180741,"cluster_0",19
-0.04404341722481441,-3.971421669945941,-0.004636499395548444,0.010674606701626566,0.026845637583892575,-0.05933250927070466,0.005012531328320913,0.01308108178781331,-0.19791666666666669,-0.18028846153846156,-0.1138392857142858,-0.07172995780590719,0.005735749205249441,-9.80596341421225E-4,-0.0024278979875808067,-0.007874015748031482,0.01764705882352935,0.08450355716082747,0.0,0.020941410493788837,0.00722315134674134,"cluster_3",20
-0.00862850903396861,-0.8040908363234982,-0.004901003538819839,-0.01449288107570945,-0.06127450980392156,-0.007884362680683267,0.0,0.03519821040631511,0.06818181818181811,0.011730205278592365,0.017632241813601898,0.01136363636363624,-9.368440262036425E-5,0.003457171894408751,-0.00814467739778346,0.01587301587301582,-0.04046242774566466,0.04129504056890121,-0.033333333333333326,0.013035307955059585,0.00919158049857982,"cluster_0",21
-0.061163431935936444,6.088528469420262,-0.0057483917904732635,0.0036378346703789255,-0.047867711053089616,0.03841059602649022,-0.0024937655860349794,-0.005398172350885356,-0.41641337386018246,-0.18260869565217397,-0.09158415841584153,-0.022471910112359713,-0.001437604733847908,1.1253365189012339E-4,0.0050279508357824465,-0.0078125,0.05421686746987952,0.017877952842302976,-0.17241379310344826,0.015666107704595644,0.00813954557960783,"cluster_3",22
-0.03476119277262446,-0.43166706523214887,-0.006888849307023161,-0.008381444643344003,-0.07312614259597804,-0.09693877551020413,0.0,-0.01036609314024517,-0.05729166666666665,-0.11347517730496447,-0.038147138964577665,0.013793103448275888,-0.003678842161642381,-5.020167223500626E-4,-0.009556858304112459,0.007874015748031482,-0.034285714285714364,-0.07334932942493032,0.0,0.0055931565011351205,0.006601653790317074,"cluster_0",23
-0.005959623614529842,-0.8285552612215528,-0.007847946639779725,0.001820170719460501,-0.04635108481262329,-0.01836158192090387,0.0050000000000001155,2.4276251071331232E-4,-0.24861878453038672,-0.016000000000000014,-0.02266288951841344,-0.02494331065759647,-0.003413826389270347,-1.9917558626914033E-4,-0.013253699908315486,0.0,-0.023668639053254333,0.03980859200370479,-0.125,0.01639960868734991,0.005940448060388847,"cluster_0",24
0.04754669791319888,-8.978137712804177,-0.00855005691895039,-0.0010441745501845734,0.04239917269906934,-0.09928057553956837,-0.004975124378109541,0.00856638154270839,0.03676470588235281,0.23170731707317072,0.09275362318840585,0.04418604651162794,-0.006699451916716503,-0.0038630438360197643,0.01018974107602677,-0.0078125,0.024242424242424176,-0.039294174724278756,-0.04761904761904767,0.007138728386268722,0.0029739958073839996,"cluster_1",25
0.010674181657577053,-0.7755010941650708,-0.008411891961148556,0.009270016097096212,-0.012896825396825351,-0.04472843450479236,0.0,-3.8084237310831475E-4,0.31205673758865266,0.1254125412541256,0.07692307692307687,0.05122494432071267,-0.0059706787645997786,0.048710078516959646,-0.006912230109775708,-0.007874015748031482,-0.017751479289940694,0.012004552037925276,0.0,0.002481382244104546,-0.0047302914755010805,"cluster_1",26
-0.08596238490280364,-9.053299790132701,-0.008572706490408534,0.0010770919700426875,0.18592964824120606,-0.05685618729096986,0.002499999999999947,0.015289738877049878,0.010810810810810912,-0.02052785923753675,-0.017241379310344637,-0.040254237288135486,-0.002213198839964736,-0.02533807593131532,-0.0013374864995040479,-0.007936507936507908,0.03012048192771077,0.0299326845886414,0.0,0.008266257048135994,-0.0012496913383357457,"cluster_3",27
-0.009859371093750013,-0.8853059846478447,-0.008586681370460371,-0.004552024616403249,-0.2194915254237288,0.08510638297872353,-0.007481296758104828,-0.015020308859611142,-0.11764705882352958,-0.026946107784431073,0.0,0.013245033112582624,-0.004724969600930495,-0.01542283055302707,-0.01724494306521196,0.008000000000000007,-0.005847953216374324,0.02993139410517354,0.0,0.0072084660714892826,0.0028501061129355683,"cluster_0",28
0.01219046453238004,-2.2364342934721004,-0.009353732897837032,-0.008094521202835159,-0.06840390879478829,0.029411764705882245,0.0025125628140703076,-0.028878538908367783,0.024242424242424166,-0.0461538461538461,-0.04010025062656641,-0.03485838779956429,-0.015583401263296383,-0.0057974771038534776,-0.007344038630446636,0.023809523809523725,0.04117647058823515,0.014128758584810441,0.0,-0.0014554322534159336,0.0030333652209859614,"cluster_0",29
-0.09079143377908463,-8.44774192467616,-0.009043954024865799,-0.017069556496879135,-0.07109557109557106,0.11587301587301593,-0.007518796992481148,-0.0245382375320361,-0.46745562130177515,-0.03870967741935483,0.005221932114882532,-0.027088036117381527,-0.04298384358164032,0.0021378477261468913,-0.024596434370094844,0.015503875968992276,0.05084745762711873,-0.023816458246898486,0.0,0.019579838923738935,0.013548811259331824,"cluster_0",30
-0.16942452376741993,0.8660849015741591,-0.009188298310671585,-0.041155133503683605,-0.07653701380175659,-0.1806543385490753,0.0,-0.07254527174093185,-0.5111111111111111,-0.060402684563758406,0.041558441558441565,0.009280742459396805,0.00914805354781434,0.007388457702814045,-0.009318657573097465,0.03816793893129766,0.06989247311827951,-0.0890904687859142,-0.19999999999999996,0.028325736606028995,0.040748941476542504,"cluster_0",31
-0.07484904258064518,-0.5582160072446457,-0.009543810038674218,-0.04287393196328182,-0.14945652173913046,-0.03993055555555558,-0.005050505050505083,-0.07858189485722455,-0.9772727272727273,-0.3107142857142857,-0.2693266832917704,-0.2068965517241378,-0.012986834713780702,0.008358656072722681,-0.02728438120281551,0.06617647058823528,-0.05025125628140703,-0.0924968502495076,0.0,-0.00643608133206175,-0.005570370500578515,"cluster_3",32
0.007821576897053983,-1.104498021983738,-0.009987404219586441,-0.02424900110177474,-0.1150159744408946,0.08679927667269438,-0.01015228426395931,-0.05492936987534037,9.999999999999998,-0.19689119170984448,-0.23208191126279862,-0.22028985507246376,-0.02833631278102811,-0.004985572572521304,-0.005432814197754431,0.01379310344827589,0.05291005291005302,-0.12571805342982945,-0.1875,-0.0245267440845548,-0.01146162322091837,"cluster_3",33
-0.08565734292831441,-11.951416070661843,-0.009801894644210888,0.01580817957656655,-0.016245487364620947,0.01830282861896837,-0.0025641025641025546,-0.06000437768475199,1.1818181818181819,0.19354838709677424,0.2755555555555555,0.3308550185873606,-0.024684833470960732,0.005370901041577227,-0.021201425425751763,0.006802721088435382,-0.005025125628140615,-0.051127035513006895,0.0,0.004835750308944453,0.0026493218787979607,"cluster_1",34
-0.1099311975714923,0.2833832315285844,-0.008303531276099065,-0.0034887653052000363,0.023853211009174254,-0.08006535947712423,0.0025706940874037354,-0.001190479655605037,0.08333333333333347,0.07567567567567557,0.05226480836236934,0.03631284916201105,-0.006503505187225533,-0.010180918245434325,0.00620697310976559,-0.020270270270270285,0.02020202020202011,0.07691590279785743,0.0,-0.011813529390028221,-6.108377176722305E-4,"cluster_1",35
0.0854044616224947,-1.7768901231786642,-0.008065343316939868,-0.01791144067654238,-0.08064516129032262,0.017761989342806483,-0.012820512820512773,-0.028322890864053596,-0.19230769230769246,-0.16080402010050251,-0.1026490066225165,-0.04043126684636111,-0.015935114178547316,-4.5694776138716103E-4,-0.020634106609550784,0.01379310344827589,0.034653465346534684,-0.007422377106351518,0.0,-0.012496866402252671,-0.009878264171574003,"cluster_0",36
0.0939250798621647,0.0997678350497994,-0.007913226626320437,0.004495381457406688,0.015594541910331383,0.1361256544502618,0.0051948051948051965,0.003053105440105952,-0.3333333333333333,0.20958083832335328,0.1660516605166051,0.1376404494382022,-0.00766588341252472,0.005761899011506699,-0.007786847374095185,-0.013605442176870763,0.038277511961722466,0.0809534940593033,0.0,-0.012600767376911738,0.007230826273456835,"cluster_1",37
0.05308144625538548,-0.4348533284902965,-0.007817257212448416,0.009832637408297984,0.06717850287907878,0.05529953917050712,-0.002583979328165453,0.01605027971379802,0.0,0.15841584158415833,0.09810126582278489,0.07160493827160486,-0.010205886391298158,0.014279343407488824,4.3107003823750206E-4,-0.013793103448275888,0.032258064516129004,-0.04460720027479104,0.0,-0.015580403773163054,-0.005001885385579109,"cluster_1",38
1.9582653030303284E-4,-0.996310829035048,-0.006750928874734609,0.019116293031052223,0.08093525179856109,0.030567685589519604,0.0025906735751295433,0.015631943075243408,0.357142857142857,0.08547008547008561,0.01729106628242061,-0.004608294930875445,-0.0032846050303597667,-0.018246848233235084,-0.0015816822751399948,-0.034965034965035,0.06696428571428581,-0.07266996638587608,0.0,-0.020269393013236603,-0.012325983955771669,"cluster_1",39
0.0741417270167166,377.6092053103593,-0.005260433192498471,0.0020948542041043794,-0.009983361064891838,-0.06779661016949146,0.007751937984496137,0.010952426484010404,-0.052631578947368494,-0.003937007874015852,-0.0028328611898016383,-0.0023148148148149916,0.011358261749549792,-0.004349361375948437,0.014771842302258475,-0.014492753623188246,0.050209205020920626,-0.10798850520739245,0.0,-0.034694999283082055,-0.011052875765379612,"cluster_1",40
0.033560189240494864,-0.54735085638175,-0.004409674422769184,0.02054477843607372,0.03529411764705892,-0.004545454545454519,0.0025641025641025554,0.01968134957825685,-0.16666666666666666,-0.05533596837944654,-0.03409090909090917,-0.030162412993039452,0.011222536972095744,-0.0018857478979965598,5.722966421763953E-4,-0.02941176470588236,0.007968127490039832,-0.06098768054349956,0.0,-0.020859829901590413,-0.01171937288450453,"cluster_3",41
0.035723345788458705,0.06445602950753619,-0.0037996739924680565,-0.025855680645129997,-0.011363636363636354,0.11872146118721452,0.0025575447570331815,0.009593114768843282,-0.06666666666666654,-0.03347280334728031,-0.02647058823529402,-0.035885167464114735,0.008047570390292247,0.0029899641204305105,0.0011841688691274221,0.0,0.051383399209486084,0.03198985509389973,0.0,-0.025379250203828255,-0.015242946447743598,"cluster_3",42
-0.019762000860415463,-1.5531956882605338,-0.0029734701016734823,0.010367634113203517,-0.04269293924466333,-0.039455782312925236,0.0025510204081631294,0.01936028107764987,-0.6428571428571429,0.0,0.030211480362537735,0.04962779156327546,0.0028864899001455058,-0.0030242545212605396,0.004922377556404234,-0.00757575757575757,0.03383458646616533,0.15737931091897692,0.0,-0.014256699513321315,-0.009015247078523858,"cluster_1",43
0.05736406198137356,-3.9027456473943083,-0.0012280215271607278,0.008288564345693361,0.06861063464837058,-0.045325779036826996,0.007633587786259666,0.009018334366627245,0.19999999999999993,-0.12987012987013,-0.05865102639296192,-0.007092198581560294,0.003953935397760678,0.0028514226779106093,0.007507777682159488,-0.007633587786259555,0.05090909090909079,8.81861761943491E-4,0.0,-0.012840839390885208,0.008820712231426331,"cluster_0",44
0.01777057118840042,-0.690214211222165,-5.552722533854749E-4,0.005667237303334183,0.0658105939004816,0.07566765578635004,0.0025252525252525975,0.005270067263056788,0.0,0.33830845771144274,0.19937694704049844,0.10238095238095224,0.003133873674665555,0.005098954282257263,0.0033605281594142333,-0.015384615384615441,0.02768166089965396,0.06383468883859589,0.0,-0.023676205927717575,-0.012262621893544321,"cluster_1",45
-0.03697424615494737,-3.080644778547241,-3.628282461789479E-4,-3.6963422423830217E-4,-0.04216867469879514,0.026206896551724146,0.005037783375314797,0.06004975874547647,0.3333333333333335,-0.13011152416356883,-0.05714285714285715,-0.025917926565874768,0.011242395100241387,0.0012553740326741725,-0.002859135345878005,-0.0078125,0.02020202020202033,-0.1707196489050613,0.0,-0.017430835760438357,-0.010114796387468372,"cluster_3",46
0.028513688940531304,-1.7711770192971465,-0.0011229073091058028,0.001067145855160101,0.022012578616352307,-0.010752688172043114,-0.007518796992481148,0.0013233628147748535,0.625,-0.01709401709401714,-0.005509641873278292,0.008869179600886842,0.0032528922065004906,9.446438692612971E-4,0.006603059293868396,0.007874015748031482,-0.01650165016501648,-0.1077026343145955,0.0,-0.012231078084736557,-0.009661809490156494,"cluster_0",47
0.05879642603189184,1.0620420652872655,-8.402884233237318E-4,0.023896082014593697,0.056923076923076854,0.0,0.010101010101010166,0.016346409953959196,0.23076923076923084,0.1086956521739131,0.06371191135734078,0.03736263736263745,0.007422558862410168,0.00398949861011011,0.012680003186920528,-0.015624999999999998,0.060402684563758406,-0.14098126427615743,0.0,-0.007393001723489667,0.0657965458289882,"cluster_4",48
0.01475922988379108,-0.7489774314550084,-2.0456637610666303E-4,0.008556880789106325,-0.07278020378457062,-0.0190217391304347,0.0050000000000001155,4.5674750847979334E-4,0.0,-0.04705882352941159,-0.0390625,-0.040254237288135486,0.0037604067844698714,0.008348928824740698,0.008943617647656055,-0.007936507936507908,0.053797468354430215,-0.16536870169417195,0.0,-0.004762136423116626,-0.00331248356476277,"cluster_0",49
-0.0819758419103345,-6.554208624418959,-4.4900139815629047E-4,-0.009736215395331758,-0.097331240188383,0.01939058171745134,0.007462686567164089,0.00880147289954647,0.0,-0.13580246913580252,-0.10298102981029808,-0.06843267108167783,0.01386568678652389,0.007466228241156615,-0.003130858831302596,0.008000000000000007,0.021021021021021102,-0.028289921324528452,0.0,-0.007705040410340036,-0.006530999883417433,"cluster_3",50
-0.05388244202641513,-0.3427034017491155,-0.0016148566814695457,-0.002151430273380605,0.02086956521739136,0.03260869565217406,-0.00987654320987652,-0.009263793060810599,0.125,-0.14761904761904765,-0.1027190332326283,-0.07345971563981035,0.0019853046075837266,5.972459391483388E-4,0.009635716748954913,0.007936507936507908,0.014705882352941122,0.010701450977280924,0.0,-0.009502643419285639,-0.0036980644223340024,"cluster_3",51
0.06877784991155234,-2.2764427023896756,-0.003906984161336837,0.00224497896324527,-0.01362862010221466,-0.10789473684210527,0.002493765586034869,0.004248372538839362,-0.16666666666666666,-0.10614525139664797,-0.010101010101010164,0.017902813299232708,0.004235547295314391,0.0013282891971415636,0.008474082071634914,0.0,-0.017391304347826098,0.007950908532847299,0.0,0.004852971611289724,-0.004384130049383984,"cluster_0",52
-0.0474491840402872,-1.6898904822018483,-0.004699909089349697,0.005626805900542431,0.0017271157167531028,0.016224188790560534,0.002487562189054549,0.014982874584292372,-0.06666666666666654,-0.16874999999999996,-0.15986394557823122,-0.11557788944723611,0.003410294956421644,0.003265943513450109,5.072124956011502E-4,0.007874015748031482,-0.005899705014749124,-0.04244611681829269,0.0,-0.003002219985719923,1.9547992229361224E-6,"cluster_3",53
0.08755110294402013,-2.8451550793725766,-0.005445928479103857,0.008418187317269952,-0.029310344827586206,-0.010159651669085725,0.0024813895781639066,0.03353707812339302,0.1428571428571428,-0.045112781954887216,0.024291497975708287,0.04829545454545459,0.0023017566264489364,-2.510523276744182E-5,-1.5522411720414472E-4,0.0,-0.008902077151335397,-0.11199851022913143,0.0,-0.0011687513627496318,-0.005265506600154568,"cluster_1",54
0.03685599439707655,-0.579034493481571,-0.0053717790985807765,0.011934516370907257,-0.008880994671403242,-0.007331378299120228,0.0,-0.009996469604240277,-0.25000000000000006,-0.07874015748031504,0.03952569169960473,0.08130081300813008,-0.0022996991128348965,8.368621018628454E-5,0.0051628289528011795,-0.0078125,0.017964071856287452,-0.2599116659088166,0.0,0.0025948170152356722,-2.655075593867023E-4,"cluster_0",55
-0.0022902497989432118,-1.0621404967199817,-0.006016364977322498,0.011870947823402254,0.003584229390680926,0.05760709010339715,0.0,0.020575353612713346,0.41666666666666674,0.2564102564102564,0.06844106463878341,0.032581453634085156,4.5301823398391505E-4,8.451599946446289E-4,0.002854053840895876,0.0,-0.002941176470588225,0.11504221739786666,0.0,-4.890721289232408E-4,1.615502164951096E-4,"cluster_1",56
0.06530004048985472,-29.512191342615154,-0.005678863759851828,0.005742269142168466,0.12857142857142856,0.04050279329608952,0.002475247524752478,0.007825489474165614,-0.29411764705882365,0.3673469387755101,0.17437722419928822,0.05339805825242716,0.009656778450408689,0.005819154717612075,0.0017785023224570207,0.0,0.02359882005899716,-0.01512007684619332,0.0,0.004188829249759607,-0.002956598352566675,"cluster_1",57
0.022645573980086816,-0.6532073516308904,-0.005699545799082164,0.008282088542504118,-0.08860759493670887,-0.004026845637583819,-0.004938271604938316,0.03715992963580006,0.25,-0.029850746268656577,0.03636363636363637,0.055299539170506895,-0.0018409126826496314,0.004513678190538607,0.012256503396542938,-0.01574803149606296,0.07204610951008639,0.4859365004644818,0.0,0.0021487356043099477,-0.005292850018684959,"cluster_1",58
0.031956564052952226,0.41116158420417753,-0.00541310372948667,0.007079736548350146,-0.05902777777777778,0.04447439353099725,0.00496277915632759,-0.015163752372491237,0.0,0.0923076923076922,0.0,-0.01965065502183405,-0.004440674049603689,0.0026976928933171167,-0.014322425433150541,0.008000000000000007,0.0053763440860215,0.1432709877049427,0.0,0.005097879777024028,-0.002834762520087076,"cluster_0",59
-0.0010473132038185673,-1.0327730228469858,-0.005733706469878698,0.009850318185892215,0.07564575645756455,-0.12903225806451613,-0.002469135802469213,0.05503274673956371,-0.4000000000000001,0.05164319248826299,0.01461988304093564,0.00445434298440972,0.010344749773537387,-0.0027812164727243354,0.011455430613382276,-0.015873015873015928,0.045454545454545636,0.07589480729641296,0.0,0.006044037508962985,-0.002032342818601318,"cluster_1",60
0.028495380443795074,-28.20807905400141,-0.006167158684817544,0.005553139432023623,-0.0034305317324184736,0.03407407407407392,0.0,-0.018767826952516886,-0.5555555555555557,-0.1205357142857144,-0.043227665706051965,-0.024390243902438935,-0.0034384691633235764,-0.0018206946777784565,-0.0036488217700877397,0.008064516129032251,-0.010230179028132943,0.08741555211795293,0.0,0.0076641915680486505,0.0014986951367803587,"cluster_0",61
-0.01350095276693064,-1.4737944381392,-0.006193402523059889,-0.0017094067387697363,0.0636833046471601,0.0644699140401146,0.002475247524752478,0.009011070744056937,0.5,-0.14720812182741114,-0.08132530120481926,-0.040909090909091,0.0015784233055962105,-0.001500667423909419,-0.007848118972603955,0.016000000000000018,0.023255813953488413,0.10532332714244808,0.0,0.009764653200344808,-1.2216881742210797E-4,"cluster_3",62
-0.01825746126569705,0.35230909854132997,-0.0053849318715361045,0.006769760361682531,0.029126213592232993,-0.03768506056527587,-0.002469135802469213,-0.008265436083535471,-0.5000000000000001,0.04761904761904767,0.04262295081967226,0.03791469194312791,0.002508284584811671,0.0037116381028297067,0.010104562176624475,0.0,0.007575757575757568,0.08911480478999545,0.0,0.004471101426535062,0.0015087827158499763,"cluster_1",63
-0.02147442579195202,0.17619999185205187,-0.0037472777487134196,-6.645199063232132E-4,-0.02358490566037741,-0.109090909090909,0.0,0.010403609927300163,2.3333333333333335,-0.2329545454545454,-0.11320754716981139,-0.05936073059360724,0.005353703695830437,0.003367003367003463,0.004537151324667921,0.0,0.020050125313283207,0.09964513073842118,0.0,0.0127662912911759,0.004291999615130048,"cluster_3",64
-0.056791107463597626,1.6445925965052455,-0.0027355437503816535,0.00268035257621424,0.041867954911433136,-0.1240188383045526,0.0,0.02061038963865447,-0.8000000000000002,-0.288888888888889,-0.20921985815602828,-0.12621359223300976,0.006051501193067744,-6.595979750342318E-4,0.007420859514226885,-0.007874015748031482,-0.004914004914004955,0.12843861751724914,0.0,0.015069681668903323,0.002592057928499036,"cluster_3",65
-0.07176198830376013,0.26361311671477183,-0.0020389169860766114,0.009372224559435427,-0.0571870170015456,0.06630824372759858,-0.002475247524752477,-0.023678582014598715,0.0,0.0,-0.13901345291479827,-0.19444444444444453,-7.881421388076236E-4,-0.0013695691632428235,-0.006496943181016234,0.0,-0.0024691358024692134,0.011482839428536005,0.0,3.286483291977666E-4,0.0010783554789259853,"cluster_3",66
0.10772303853581011,-2.5011155777879384,-0.0022394149298419217,0.007027577743302426,0.10000000000000009,0.02184873949579824,0.0074441687344914955,0.011538889968832013,-0.5000000000000001,0.03125,0.13020833333333323,0.08965517241379328,0.006359539572279749,0.0010740251156642346,0.012625247589483246,0.0,-0.042079207920792006,0.060470064585709464,0.0,0.010374254151197526,0.004719566306573774,"cluster_1",67
-0.0050587151935872505,-1.0469603834272239,-0.001992325855962208,0.003966383463055223,0.05216095380029805,0.047697368421052655,-0.0049261083743843415,0.018293077909683264,0.0,-0.030303030303030276,-0.041474654377880116,-0.03164556962025322,4.2324083343947544E-4,-3.631261863497047E-4,-0.0036187178579740738,0.007936507936507908,0.03875968992248069,0.014366793738779249,0.0,0.008679067739304934,0.004028804336137837,"cluster_0",68
0.008532763948144062,-2.686745274563142,-0.0019408502772643172,0.0012596477566819697,-0.012747875354107596,0.09733124018838302,0.004950495049504955,0.014404217151048117,1.0,-0.1354166666666666,-0.09134615384615395,-0.05555555555555557,0.004951389679590745,0.009469478064164429,0.008763663475322534,-0.007874015748031482,0.004975124378109319,0.06475437357691582,0.0,0.010228904482638024,0.0019910526834456817,"cluster_3",69
0.043583062218506274,4.107730916192274,-0.0012964163348457847,0.00891509218171005,0.021520803443328518,0.07296137339055786,0.004926108374384119,0.0022659289158868394,2.0,-0.14457831325301207,-0.031746031746031626,0.01730103806228378,0.005950852713016985,0.006853516311859709,0.005913546597430708,-0.007936507936507908,-0.004950495049504843,3.0110598719446086E-4,0.0,0.010435873920707326,0.002129984580057975,"cluster_0",70
0.04058946413084175,-0.06868719028176469,-7.912223767578832E-4,0.012801038366273556,0.036516853932584185,0.0040000000000000036,0.0,0.018461859325303642,0.3333333333333335,0.22535211267605645,0.08196721311475397,0.04761904761904767,0.0028291787735128526,0.005986467496811755,0.0036020055815713103,0.0,-0.012437810945273626,-0.05160726523577696,0.0,0.020323799495234773,0.012860082289016804,"cluster_1",71
0.031332314530530654,-0.22806779538823957,4.516013288213825E-4,0.0037495208168358825,0.09214092140921415,0.011952191235059749,-0.0024509803921567426,-0.020987985509709706,-0.12499999999999992,0.1954022988505748,0.12626262626262627,0.08766233766233777,-0.004941731666855631,0.003738453588269631,-9.269231101569629E-4,0.008000000000000007,-0.010075566750629816,0.040983511036779774,0.0,0.0047645703531236094,-6.365948601960729E-5,"cluster_1",72
-0.007497452709270382,-1.2392881860663298,0.0014593123917883144,-0.005212994014813786,-0.09181141439205952,0.002624671916010568,0.0024570024570023112,-0.008785177314162174,0.42857142857142855,-0.21153846153846156,-0.12556053811659193,-0.06865671641791049,0.00768861174219282,0.0044565645839869114,0.0032613934515810517,0.0,-0.0025445292620863698,0.029395225311420466,0.0,0.012070459736344352,0.0027726461009371923,"cluster_3",73
-0.06265072563317765,7.356268197025352,0.002395712415717899,-0.00232871606758045,0.08743169398907114,0.03795811518324599,-0.004901960784313597,3.1231667222364484E-4,-0.3,-0.1829268292682926,-0.18461538461538451,-0.14423076923076927,0.0015722317161268597,2.9632002562762777E-4,0.0030329224911971315,0.007936507936507908,0.010204081632652962,-0.026861745286989695,0.0,0.00989301801637521,0.00485151752739954,"cluster_3",74
0.03955498213459152,-1.6313571269100284,0.002550140442517224,-0.011165165806223286,-0.0025125628140703067,-0.07692307692307687,0.002463054187192171,-0.025897313649462243,0.28571428571428553,0.07462686567164178,0.050314465408805006,0.033707865168539186,-9.439101889963107E-5,-6.084770460040856E-4,-0.0027877896687702464,0.02362204724409445,0.017676767676767513,-0.02662779379895541,0.0,0.01060892608159758,0.0011833915518231206,"cluster_0",75
0.012597574126154367,-0.6815173855144391,0.00285085832954457,0.005249358743108168,0.0692695214105794,-0.012295081967213184,0.0,0.025578776394152625,0.2222222222222223,-0.1666666666666666,-0.09580838323353288,-0.0724637681159419,0.002266624391915606,-0.006897601461234084,0.001903159055989256,0.0,-0.024813895781637726,-0.03755437862996113,0.0,0.011940403467802563,0.002624673503798025,"cluster_3",76
0.019763369680148246,0.5688234482476007,0.0031858450453983167,0.012882497718224027,-0.010600706713780883,0.027662517289073207,-0.004914004914004955,-0.030663420340779738,-0.1818181818181819,-0.016666666666666715,0.03973509933774832,0.046875,-0.004037731908524522,-0.0025894405679022245,-8.891648575771737E-4,-0.007692307692307665,0.007633587786259665,-0.0827994583534498,0.0,0.006967797322630086,0.0036930992779637957,"cluster_0",77
0.024236153696477025,0.22631687251296842,0.0036459796509142883,0.008425163900125598,0.1071428571428572,0.053835800807537026,0.002469135802469103,0.0362648135238759,0.11111111111111116,0.050847457627118724,0.050955414012738835,0.05223880597014907,-5.622701322516299E-4,0.007189997088415057,0.00150674198550238,0.0,0.005050505050504971,0.03771651720023672,0.0,0.009723227197431239,6.91314853875635E-5,"cluster_1",78
-0.019789409878227412,-1.8165243596843508,0.004216893129445732,0.0014413367637702288,-0.046236559139784965,0.054916985951468655,0.0,0.007568001648142531,0.09999999999999987,0.16129032258064505,0.04242424242424247,0.010638297872340495,0.0031358795427314234,0.006817470068174903,-0.003864742605797833,0.0,-0.005025125628140615,-0.006769266394106688,0.0,0.010215974102695258,0.005040018645297905,"cluster_1",79
0.0028467170173434027,-1.1438505258550133,0.004835425856803521,0.0024448121638382947,0.03382187147688831,0.001210653753026758,0.0,-0.011913529889189589,-0.2727272727272727,-0.1527777777777778,-0.058139534883720805,-0.01403508771929829,0.004606579832346247,0.01313585682155316,0.01842894589630539,-0.007751937984496138,-0.015151515151515136,-0.020955003427550738,0.0,-0.0018372596757288977,0.0016304446688100158,"cluster_0",80
0.00706823046386451,1.4829410232214384,0.005252366881746352,0.004442288825935003,0.02617230098146139,-0.11850060459492139,0.002463054187192171,0.035567605690310033,-0.37500000000000006,0.180327868852459,0.09876543209876541,0.04982206405693956,0.0023320205299452996,0.024301537444205715,0.003703989029782973,0.0078125,-0.03589743589743588,-0.02722014298173647,0.0,0.02099733681829763,0.00582145238160403,"cluster_1",81
0.050428096519578476,6.134472592169443,0.005842796383944915,0.006916551436535689,-0.0010626992561104665,0.01234567901234551,0.0,-0.012682980541208422,0.4000000000000001,0.22222222222222232,0.13483146067415716,0.0745762711864406,-4.6633717603317127E-4,-0.05784838144424976,0.003329577516678617,0.0,-0.05319148936170214,0.005320771650854316,0.0,0.0030735974691751262,0.004656507866988013,"cluster_1",82
0.011060649195259176,-0.780664947546356,0.0061189801699717,0.014392017634444976,0.04255319148936176,0.051490514905149,0.004914004914004844,0.030194072296422462,0.5714285714285714,-0.12499999999999999,-0.0643564356435644,-0.022082018927444765,0.004883544675163831,-0.0027734951749340824,0.003694138490796472,-0.015503875968992274,0.022471910112359383,0.041332187619794736,0.0,0.0033455966873474625,0.0010514097605940351,"cluster_3",83
0.03598772351695612,2.2536719031267354,0.006698241267093952,-0.008622287404208005,-0.044897959183673446,0.012886597938144282,-0.0024449877750611915,-0.047985148981297916,-0.3636363636363636,0.0,-0.010582010582010469,0.0,0.004195819791618317,0.003042969676643637,-0.0053855270629213905,0.015748031496062964,0.01648351648351642,-0.0501405200202527,0.0,0.008597911839930195,3.2507466502473825E-4,"cluster_0",84
0.01808576785925231,-0.4974461818700213,0.006930419063657434,-0.004245680487481085,0.08119658119658113,-0.02798982188295152,-0.0024509803921567426,0.016359750255324993,-0.28571428571428575,-0.1168831168831168,-0.09090909090909093,-0.07096774193548394,-6.7635981130576E-4,0.003009272473719849,-9.946596432558461E-4,0.007751937984496138,-0.013513513513513485,-0.091827024169693,0.0,0.001539652686522785,0.002728896414457171,"cluster_0",85
0.020762811721046104,0.14801936432155804,0.007262818113772385,0.0053848288772673225,-0.008893280632411014,0.1060209424083769,0.0,0.02092181977151331,-0.20000000000000007,0.5441176470588235,0.2705882352941178,0.14583333333333326,8.071302227334877E-4,0.004845922432718198,0.010757315304244617,-0.015384615384615441,0.008219178082191636,-0.040807056459862816,0.0,0.002950805659866162,0.0021966246540319197,"cluster_1",86
-0.014999301636062777,-1.7224118697208444,0.007523947750362804,0.00418952456474142,-0.06081754735792621,-0.004733727810650956,0.0024570024570023112,0.019746241517030864,0.0,0.3428571428571427,0.1666666666666665,0.06666666666666664,0.0013515341274985548,2.508374735001875E-4,-0.00277909531416598,0.0078125,-0.010869565217391238,-0.013646911462685372,0.0,0.00820817203151325,0.0019924921134994995,"cluster_1",87
0.049462079815225,-4.297625517197645,0.007669436345407066,0.006772836425085193,0.058386411889596694,0.011890606420927428,-0.0024509803921567426,-0.038158580804884545,0.0,-0.02127659574468088,0.03174603174603185,0.03409090909090918,-0.0028838836164969406,-8.979347500748247E-4,1.8492686256732507E-4,0.0,0.024725274725274637,0.047518172917862644,0.0,0.008522582405275257,0.003909380595250811,"cluster_0",88
-0.031298019033866864,-1.6327679537695656,0.007639655300582637,-0.002850993430668636,-0.03309929789368104,-0.03525264394829608,0.004914004914004844,-9.952245772881787E-4,-0.25000000000000006,0.17391304347826098,0.0692307692307692,0.01648351648351642,0.00585521287823343,0.002348064061665101,0.004072204011942749,0.0,0.008042895442359253,0.04816190710304613,0.0,-0.0026375102621541972,-0.001012262374728513,"cluster_1",89
0.029749523177239116,-1.9505241576167438,0.007343385561791704,4.295428858291953E-5,0.041493775933610026,-0.05602923264311809,0.0,0.03186234406940792,-0.3333333333333333,-0.14197530864197536,-0.05035971223021573,-0.0027027027027027857,0.0056000225126533465,0.004192381013926162,0.0030864758856283814,0.007751937984496138,-0.005319148936170248,-0.016929868619603435,0.0,0.0021092722834457063,0.0024653299041799133,"cluster_0",90
0.044595752618006086,0.4990409208348449,0.0069011362932165365,0.0031086831049247365,0.03984063745019916,-0.055483870967741884,-0.0024449877750611915,-0.008072884781749057,1.0,-0.05755395683453223,-0.026515151515151596,-0.016260162601625994,-0.0013992052514172348,-0.002928045690383297,0.005832888242888634,0.0,-0.06149732620320846,-0.0371583661763537,0.0,0.01113787727942972,0.005698457973239756,"cluster_0",91
0.028049471635186455,-0.3710281811936251,0.0061768457802744425,6.717282685200222E-4,-0.014367816091954033,0.025956284153005438,0.004901960784313708,0.019229485075548117,0.5,0.04580152671755732,0.07003891050583655,0.052341597796143224,0.002596160005124304,0.0025090559979346065,0.012197485094883607,-0.007692307692307665,0.042735042735042805,0.032504618089047144,0.0,0.010671405363822384,0.003149277773876857,"cluster_1",92
0.023562791550492793,-0.1599559572118778,0.005682955581752358,0.00833881587744778,-0.02332361516034986,0.09853528628495356,-0.002439024390243904,-0.007850035339056372,0.16666666666666674,0.2773722627737225,0.10545454545454547,0.03664921465968596,0.0018926651240513963,0.0021325908161786704,-0.003949803437360399,0.007751937984496138,-0.002732240437158473,-4.657194451214154E-4,0.0,0.004594178265253435,0.002848415111714075,"cluster_1",93
-0.035582905675162646,-2.5101311573763194,0.005280385716971425,-0.010606526766958724,-0.028855721393034828,-0.015757575757575748,-0.004889975550122161,-0.022465772064561795,-0.7142857142857144,-0.14857142857142855,-0.12171052631578946,-0.08838383838383845,-0.0032660527789346583,0.004866414512515239,-0.010373683547896582,0.01538461538461533,-0.0383561643835616,-0.07687145601305001,0.0,0.009258019628937133,0.0036857177999634057,"cluster_0",94
0.04311702997659528,-2.2117343752140943,0.005071144527619032,0.01487267882466159,0.06454918032786883,0.004926108374384119,0.0,0.013211575583763626,1.5000000000000002,0.01342281879194629,-0.003745318352059823,-0.005540166204986207,0.0075351366480738155,0.00529037104520791,0.008705870308503227,-0.00757575757575757,0.03988603988603989,-0.032499020666569844,0.0,0.023287114811262777,0.00851215441134845,"cluster_0",95
0.006932165607935747,-0.8392244175515182,0.003989383533532066,0.01061859945427801,0.026948989412896914,-0.019607843137254832,0.007371007371007376,0.003713393876334736,0.0,0.14569536423841067,0.026315789473684067,-0.00835654596100277,0.009786510410569218,0.00549306411224615,0.007965050198547985,-0.007633587786259555,-0.03287671232876721,0.05843397754867196,0.0,0.0023491181043167044,0.005698061781348462,"cluster_1",96
0.006200788965052827,-0.10550478512020242,0.0032703963720401856,0.010684760363929957,0.021555763823805085,0.05125000000000002,-0.002439024390243904,0.004667846208658233,-0.4000000000000001,-0.02312138728323698,-0.021978021978022007,-0.025280898876404497,5.453034146800652E-4,0.003984630710118121,0.0014489298501760839,0.0,-0.011331444759206775,0.10658000493357943,0.0,0.013957281357827478,0.006844176574344551,"cluster_0",97
0.021030280012996005,2.3915490644047153,0.0029391950625869967,0.001062869644598008,-0.06605504587155962,-0.026159334126040323,0.004889975550122383,-0.017198200039268974,0.3333333333333335,-0.08875739644970403,-0.0711610486891385,-0.04034582132564846,0.003916188845146663,0.003622332467123402,0.002760590828539522,0.0,-0.014326647564469884,0.0683512584392858,0.0,0.008029433340404513,0.005004833500637629,"cluster_0",98
0.01905833165892057,-0.09376709929001595,0.0032447658514125344,0.0025988116765693903,-0.007858546168958758,0.007326007326007299,0.0,0.02317455528419821,0.0,0.05194805194805196,0.020161290322580513,0.0030030030030030463,0.0033228180862250323,0.004095723813260178,-3.8928206213328936E-4,0.007692307692307665,-0.014534883720930257,-0.011649444912963268,0.0,0.008136483663316652,0.004888892823745604,"cluster_0",99
-0.01507983058191986,-1.791246099175816,0.003174877432452927,6.518837637139452E-4,0.06534653465346542,-0.008484848484848541,-0.0048661800486619056,0.12224998306455784,-0.25000000000000006,0.0864197530864197,0.01976284584980248,-0.005988023952095855,0.0026878627932325205,0.0029615853467945823,0.006364437626077413,-0.007633587786259555,-0.03539823008849541,-0.04051221419961948,0.0,0.01011444238633663,0.007038740487956162,"cluster_1",100
0.03765529548973512,-3.4970635634913814,0.0027611522562867035,0.007585764717696674,-0.02695167286245348,0.008557457212714057,0.0024449877750611915,-0.12204046415180092,0.0,-0.07386363636363646,-0.08914728682170533,-0.06927710843373491,-0.0019329514749449885,0.00476817477074576,0.0018718247139493105,0.007692307692307665,-0.021406727828746308,-0.058845414588467475,0.0,0.007782340275023669,0.005720107857157152,"cluster_0",101
-0.015513837223063764,-1.4119961620615313,0.0026945063202812314,-0.003692771623158397,0.02865329512893977,0.025454545454545396,-0.002439024390243904,0.005674154690479495,-0.3333333333333333,0.09202453987730076,0.07234042553191489,0.03883495145631067,0.0032801066935803642,0.0032955188697534337,-1.3679610357875138E-4,0.0,-0.003125000000000044,0.0026205350126213833,0.0,0.007567232915436595,0.0037030327233362748,"cluster_1",102
0.023201460786772325,-2.4955333392488934,0.0031529867724442444,0.0016570050787461097,0.01578458681522754,0.027186761229314623,0.0024449877750611915,-0.0259184563940571,-0.5000000000000001,-0.08988764044943819,-0.06746031746031743,-0.04361370716510903,5.1463405634555335E-5,0.004366710977834033,0.0012869372576018723,0.007633587786259444,0.01253918495297812,0.04404871086489237,0.0,0.005824411924355344,0.0036806238153510584,"cluster_0",103
0.02453358876036482,0.05741569403043682,0.0038154496360647276,0.0033264533707548782,-0.03199268738574035,0.021864211737629313,0.002439024390243905,-0.009518226236946203,1.0,-0.08024691358024692,-0.07234042553191487,-0.05863192182410414,0.006561732033156132,0.005194185590174928,0.002677247053493703,0.007575757575757569,0.012383900928792711,-0.04183329860140028,0.0,0.017591343313533514,0.008219747220885807,"cluster_0",104
-0.004188587877920425,-1.170728706624743,0.003992323681230703,-0.008259210576689989,0.012275731822473988,0.054054054054053946,-0.002433090024330897,-0.030421317638820614,1.0,0.10738255033557031,-0.004587155963302836,-0.048442906574394526,-5.112528685626838E-4,0.006713721407355378,0.005788371371063583,0.015037593984962516,0.0,-0.06842880654273174,0.0,0.00431688209449943,0.007377222458951226,"cluster_0",105
-0.031040805790470197,6.410804475202157,0.0038123073990532505,-0.007517326395054645,-0.021455223880597063,0.04807692307692313,0.0,-0.028841586222758123,-0.5000000000000001,-0.2848484848484848,-0.2258064516129032,-0.18181818181818177,-0.007392830498610725,0.005642371012509085,0.0017005065292350352,0.022222222222222147,-0.021406727828746308,0.005674278786450992,0.0,0.011488445772718903,0.005086040415839487,"cluster_3",106
0.05489251101455396,-2.7683983909788337,0.0039033241552468567,-0.001273181761606401,0.07435653002859866,-0.027522935779816352,0.0,-9.074550754405445E-4,0.0,0.2711864406779662,0.19047619047619044,0.15555555555555567,-0.006015679464529521,0.003561517463533948,-0.00403826624347936,0.007246376811594235,-0.02500000000000002,0.03460225791526139,0.0,0.011706743129759055,0.009586400001271977,"cluster_1",107
-0.01739610691375626,-1.31691220882834,0.004534420613486523,0.01626090139865033,-0.04880212954747121,-0.02515723270440262,-0.00487804878048792,0.021450898642676245,0.5,-0.08666666666666654,-0.03000000000000002,-0.023076923076923102,-0.0032740156432801153,-0.002870748504347432,0.005572497296543633,-0.007194244604316502,-0.022435897435897464,0.0339403907919984,0.0,0.011038124885963896,0.007113971284053332,"cluster_0",108
0.008520819730124751,-1.4898118741375848,0.0046813296022176765,-1.6350723008529128E-4,0.08768656716417911,0.03118279569892479,0.0,-0.0019042000841491555,-0.6666666666666666,0.04379562043795615,0.05670103092783507,0.08267716535433078,-0.005972844461673565,0.0021989315157513456,0.00756672978895212,0.0,0.013114754098360715,0.03291558343509915,0.0,0.009651464798847263,0.006299955228588282,"cluster_1",109
0.010491382393316817,0.2312644470373293,0.004721990837151191,0.008590643812794507,0.09090909090909083,-0.05422314911366011,0.0,-0.028404547508952493,0.0,0.04195804195804209,0.03414634146341488,0.04727272727272713,-0.004394491237181053,0.001651235033326426,-0.010012250096947062,0.0,-0.0064724919093850355,-0.02877908622257274,0.0,0.010139963596476509,0.005792036512526577,"cluster_0",110
-0.02101167237590051,-3.0027553651352274,0.004181628814376115,0.0018899568806083342,0.08411949685534581,0.05953693495038581,-0.004901960784313597,0.050729531954483605,0.0,0.09395973154362403,0.10849056603773576,0.07986111111111115,-0.003317109741295288,6.021965117766205E-4,0.0019266929882422181,0.0,-0.07491856677524433,0.015033906159332975,0.0,0.006200771873929867,0.005415464410820635,"cluster_1",111
0.019742029696721453,-1.9395744110004638,0.004122934662579958,0.006900754556672606,-0.17331399564902103,-0.03121748178980233,0.004926108374384119,-0.020131156892335134,7.0,-0.055214723926380264,-0.06382978723404252,-0.061093247588424375,0.006733906232743614,0.002362198800845539,0.0022084371549317967,0.0,-0.010563380281690012,0.03227632362990529,0.0,0.0023009479765445646,0.004575381715570037,"cluster_0",112
-0.06258081816720285,-4.169928276300567,0.0043835081426362174,-2.209983600917064E-4,0.021929824561403462,-0.012889366272824778,0.002450980392156854,-0.017664398157098415,0.0,0.0,0.004545454545454408,0.010273972602739875,-0.002684242724328434,0.002311600783542645,0.0013152202128579038,0.007246376811594235,0.010676156583629746,0.008721664098986668,0.0,0.01311076224348895,0.007840930409875655,"cluster_0",113
-0.026442831573227132,-0.5774610759709562,0.00452298844693666,-0.004664598535562225,-0.018025751072961338,-0.05114254624591952,-0.007334963325183353,-0.017698997631730773,-1.125,-0.11038961038961036,-0.06787330316742077,-0.027118644067796623,-0.0034039727880370574,0.002778006574365888,0.010428008503136745,0.007194244604316501,-0.09507042253521124,0.025106995396374954,0.0,0.004788941467040342,0.006984214292626856,"cluster_0",114
0.08298311776039413,-4.138208460413633,0.004395660367748189,-0.004403807716379604,0.013986013986013955,0.032110091743119185,0.002463054187192171,0.007361134560189164,-9.0,0.1094890510948905,0.04854368932038832,0.020905923344947782,-0.004068888712115193,0.0020758661887694267,-0.0023368931935046078,0.0071428571428571175,0.07003891050583654,0.008664500922598961,0.0,0.004998962009117314,0.0035919643905626404,"cluster_1",115
5.048692607241276E-4,-0.9939160003341654,0.003960586836246671,0.004403008342141801,0.07241379310344832,0.014444444444444482,0.0,0.005128548922334276,1.7500000000000002,0.08552631578947369,0.023148148148148136,0.017064846416382284,-0.007477126323398475,-1.5648519351996182E-4,-0.0020902000620058865,0.0,0.014545454545454414,0.04384244450762287,0.0,0.00961700475893279,0.008355635790325387,"cluster_1",116
-0.01753018517631444,-35.722227198326756,0.004349055936638147,0.0020492630728852212,-0.02572347266881025,0.014238773274917847,-0.0024570024570025324,-0.02442695480112944,-0.2727272727272727,0.06666666666666665,0.02714932126696845,0.01006711409395966,-0.005804250884469231,0.004792177496888429,-0.0014646298337795958,0.007092198581560183,0.0,0.037087581189233276,0.07692307692307687,0.0016748506699222339,0.00671003626285671,"cluster_0",117
-0.0507353219729464,1.8941691980240123,0.004717479317021711,-0.00580024782648114,-0.04207920792079212,-0.00647948164146861,0.004926108374384119,-0.0016613377757216388,1.0,-0.24431818181818174,-0.14537444933920707,-0.08637873754152814,0.006544379452591231,0.003678979379913905,6.76037032204535E-4,0.014084507042253504,0.04301075268817223,0.03548877671517525,0.0,0.010369671837989758,0.006712248117564767,"cluster_3",118
-0.004128360430299073,-0.9186294622807276,0.004810459871954721,0.008501604817238384,0.022394487510766666,-0.0032608695652173165,-0.0024509803921567426,-0.013915457205860182,0.031249999999999993,-0.08270676691729327,-0.10309278350515458,-0.0509090909090909,-0.0052412703295244825,0.0010715658163114041,0.008075441473467171,-0.006944444444444421,0.010309278350515426,0.0361540646388503,0.0,0.005165155404299737,0.005430625081364937,"cluster_0",119
0.06599111457736506,-16.984823925023534,0.0042494046848067235,-0.002999208751460092,-0.06149957877000844,-0.007633587786259555,0.0,0.003261740181212947,-0.36363636363636365,-0.008196721311475417,0.02298850574712641,0.0,-0.007709307859977255,8.12041842301882E-5,3.638666229837106E-4,0.0,-0.03741496598639448,-0.03606038761897478,0.0,0.016851372762235917,0.009610416793130126,"cluster_0",120
0.002699398480873194,-0.9590945160092947,0.0044050459603048875,0.003222384867136441,0.03949730700179543,-0.02197802197802201,0.0024570024570023112,0.021982662147226332,0.047619047619047665,0.05785123966942151,0.028089887640449396,0.019157088122605526,0.002768968811166283,-0.001860162985709235,-0.0011743217812181237,0.0,-0.014134275618374655,0.006640979131679714,0.0,0.009848865495582837,0.006835190541549574,"cluster_1",121
0.015324602357572603,4.677043410284294,0.004459809853068376,0.004904693739169685,0.03281519861830739,0.06404494382022485,0.0,-0.0060688982511277745,0.5454545454545455,0.0703125,0.005464480874316945,-0.007518796992481258,-0.0018117689832055643,-5.102795444460461E-4,-0.005249763863757972,0.0,-0.035842293906810034,0.04539661982259258,0.0,0.0087711112909703,0.006118598976899481,"cluster_0",122
9.109211209781252E-4,-0.9405582539942384,0.004823530568694778,0.011528378604648948,0.010033444816053503,-0.012671594508975705,-0.0024509803921567426,-0.009240708181706636,-0.23529411764705893,-0.26277372262773724,-0.1902173913043479,-0.1287878787878789,0.00438706710523773,4.7354440588676116E-4,0.005890945647285539,-0.013986013986013957,0.040892193308550207,0.0033940327049204458,0.0,8.514031745536771E-4,0.007944713879267871,"cluster_3",123
0.03560980112525436,38.09207976978007,0.004908029497110445,-0.002534860508553338,-0.01490066225165565,-0.03743315508021394,0.0,-0.005871725383920557,0.03846153846153854,0.019801980198019816,-0.02013422818791943,-0.05217391304347806,0.0018142202043960334,0.0033724069075176115,-0.0011401552146462763,0.007092198581560183,-0.0071428571428571175,-0.04069985412929266,0.0,-7.687631173489694E-4,0.0019065466338390456,"cluster_0",124
-0.001219243136048043,-1.0342389762795772,0.0049473612450210425,5.895028855917863E-4,0.012605042016806676,-0.0022222222222222365,0.0,0.02380320897054178,0.2222222222222221,0.15533980582524265,0.08219178082191791,0.022935779816513735,-0.0017624005047562896,8.697510890314233E-4,0.007917610171204181,0.0,-0.021582733812949728,0.06386435959444459,0.0,-3.6749289038306976E-4,0.005388599923003001,"cluster_1",125
-0.0012344508443253865,0.012473072702000891,0.0049472327476765,0.004926132762991031,0.062240663900414946,0.015590200445434464,0.0024570024570023112,-0.020474502047675425,-0.15151515151515152,-0.04201680672268914,0.012658227848101332,0.040358744394618735,-0.0012043567529570474,0.0021651238318272097,0.0011310779554176698,-0.007042253521126752,-0.02573529411764708,-0.016291989333919843,0.0,0.010134971434443196,0.00420908336203829,"cluster_0",126
-0.019425679279557517,14.736292270247056,0.004966272739984179,0.0035397750506209746,-0.001562500000000022,-0.04385964912280704,0.0,0.061265462975100604,0.2142857142857142,0.1491228070175441,0.14999999999999986,0.11206896551724153,6.520901365028031E-4,0.0014256005526041009,0.0015155682499383705,0.0,0.003773584905660376,-0.029309552892084586,0.0,0.007334520592060967,0.004782434232480259,"cluster_1",127
0.034174522187570444,-2.759244641886669,0.005277576536854234,-0.0032744633586568868,-0.032863849765258246,0.07568807339449535,-0.004901960784313597,-0.04176011823112713,0.41176470588235276,0.39694656488549607,0.28804347826086957,0.17054263565891478,-0.0044744973918189315,0.002208736617330676,3.2955448880667143E-4,0.007092198581560183,-0.02631578947368429,-0.02682319422688117,0.0,8.204035148609011E-4,0.003451313578506809,"cluster_1",128
0.018200762196895152,-0.4674172151698755,0.005121009502264684,0.016128118681675963,0.012944983818770295,0.046908315565032055,0.002463054187192171,0.008170548035043135,0.041666666666666734,0.05464480874316924,0.0337552742616034,0.013245033112582847,0.006790269248936998,0.002013501442399202,0.012101505947977209,-0.021126760563380254,0.015444015444015633,0.02409862625885273,0.0714285714285714,-0.006067357959438802,-0.002349152800137367,"cluster_1",129
0.017884358171464502,-0.017384108533906702,0.005004700810058882,0.008412302173965713,0.039137380191693216,0.003054989816700493,0.0024570024570023112,0.002669292592600847,0.040000000000000036,-0.015544041450777256,0.0,-0.0032679738562092493,-0.0015288819140952812,0.00415043879198862,-0.004295576863422079,0.0,-0.03802281368821292,0.024161389609873126,0.0,0.0026340327831908534,0.003505597517380776,"cluster_0",130
0.03719816033727908,1.0799270502550566,0.004856937672449657,-0.001389152592884524,-0.046887009992313655,-0.022335025380710638,-0.0024509803921567426,-0.004201332882924237,0.019230769230769156,-0.005263157894736857,-0.03673469387755113,-0.026229508196721204,-0.0038179302969479907,0.0036530079099992285,-0.0022792966103234442,0.0,0.007905138339920901,-0.006604893850004067,0.0,-0.001405832653178174,0.002527303033875716,"cluster_0",131
-3.891971880845004E-4,-1.0104628074226143,0.005204904929378751,-0.0021251350772437667,0.03629032258064523,0.006230529595015577,-0.0024570024570025324,0.011513671502034308,0.41509433962264136,0.021164021164021163,0.016949152542372833,0.016835016835016866,0.0075116196796505275,0.004277749178889679,-0.001975749114868641,0.007194244604316501,-0.015686274509803862,-0.08477491933167135,0.06666666666666665,-0.012633833902522373,-0.0013028832533077412,"cluster_1",132
0.00909120854931822,-24.358875211977097,0.005411827438947414,0.005472480825816416,-0.02101167315175101,0.0010319917440659854,0.002463054187192171,0.003860094881043441,0.05333333333333345,-0.06217616580310869,-0.045833333333333275,-0.01986754966887416,0.009381826620857405,0.0013211756297244472,-0.0018084920557531745,-0.007142857142857118,-0.03984063745019916,-0.07296761772400882,0.0,0.007291240213601835,0.00594804742397148,"cluster_0",133
0.01157625139134133,0.27334570849873124,0.0053780449224929425,-0.00563459338097194,-0.03895071542130368,0.001030927835051543,0.0024570024570023112,-0.008628585841154335,0.21518987341772133,-0.03314917127071826,-0.03493449781659396,-0.03040540540540537,0.0011065983048155204,0.006705312337774717,0.0035082812162885446,0.007194244604316501,0.024896265560165887,-0.08408455220285792,0.0,-4.976515677546231E-6,0.0033291646437525464,"cluster_0",134
0.004813775090855454,-0.5841680585430263,0.005377040684115154,0.004740193949920313,0.09925558312655092,-0.02162718846549938,0.0,0.04212361019982769,0.052083333333333474,0.07999999999999985,0.0452488687782806,-0.010452961672474004,0.0015696925519486093,6.445790898546021E-5,0.003342645304924563,0.0,-0.004048582995951343,-0.021860575568834802,0.0625,0.00159746948233197,0.001637317067483046,"cluster_1",135
0.01934882611803057,3.019470322738343,0.0051457660195337596,5.738226431855064E-4,-0.04890895410082773,-0.01684210526315788,0.004901960784313708,-0.03552330922710889,0.03960396039603963,-0.026455026455026398,-0.004329004329004404,0.017605633802816986,-9.471188644144535E-4,0.0026067962903282287,0.0038766399289724696,0.0071428571428571175,0.0,-0.013040043350349029,0.0,0.0025090481641927283,0.005237436215139279,"cluster_0",136
5.46432811085573E-4,-0.9717588649692618,0.005215583559235126,0.0010438062695563577,0.039556962025316444,0.03640256959314758,-0.00487804878048792,0.008035561634467392,-0.057142857142857176,-0.07608695652173925,-0.07826086956521726,-0.05536332179930802,-0.00502648459422883,0.0011357223980170696,0.005112505718803062,-0.007092198581560295,-0.024390243902439043,-0.012952871293439134,0.0,0.00387885104477692,0.0029439106178053005,"cluster_0",137
0.019302978533243698,34.32543826366383,0.005388956965785009,0.022345324189376733,-0.04337899543378998,-0.017561983471074405,0.0,0.02789917002942777,0.0505050505050506,0.12941176470588234,0.09905660377358494,0.04761904761904767,4.312700904163247E-4,0.001077355555872739,0.004681822175151895,-0.014285714285714344,0.08750000000000013,-0.03615872652085605,0.0,0.010922217712333593,0.005408827284752116,"cluster_1",138
0.022188135330349693,0.14946692253411345,0.005645519378721042,0.0010128932874717833,0.0708035003977725,0.05888538380651954,0.004901960784313708,-0.0014014545984425424,0.08653846153846145,0.046875,0.021459227467811145,0.0069930069930070875,0.012426252023839847,0.0022664262449310084,0.005579887617317647,-0.007246376811594014,0.0038314176245208826,0.10295241379244913,0.0,-1.6595020431808867E-4,0.005172378326066873,"cluster_1",139
0.02808262766445857,0.26565965306900713,0.005748990772779683,0.009896166377394211,-0.03268945022288261,-0.021847070506454846,0.0,0.026716508871168502,0.10619469026548689,0.06467661691542315,0.016806722689075567,-0.01736111111111105,0.002822117479304387,0.0011164285663491926,0.008642464752616208,-0.007299270072992692,-0.01908396946564883,-0.012520640660238055,0.0,-0.001956925075367933,0.0034380364584591923,"cluster_0",140
0.009831630482604048,-0.6499034705699217,0.005622054580966652,0.0049262683285478115,0.0053763440860215,-0.02639593908629434,-0.00487804878048792,-0.001697132848716865,0.09600000000000007,0.028037383177570204,-0.008264462809917328,-0.03180212014134275,9.538573953571383E-4,0.00235111944539157,0.006493175885980751,-0.007352941176470562,-0.05836575875486382,0.018737939854711616,0.05882352941176471,0.0012437102945190841,0.0028163346507703575,"cluster_0",141
0.05617870444413309,4.714078101647017,0.005327797650601651,-0.002617233118384798,0.032849503437738736,-0.002085505735140769,-0.0024509803921567426,-0.01671335435326038,0.051094890510948725,0.14545454545454528,0.1333333333333335,0.07664233576642342,-1.3317602121354355E-4,0.0070793324593416695,-0.01163457323036454,0.014814814814814838,0.004132231404958774,0.03863992911151626,0.0,-9.394424554243221E-4,0.0026388242505401833,"cluster_1",142
-0.03894737206189691,-1.6932764371707454,0.005423632681818003,0.0045308551699880795,-0.014792899408283988,0.04179728317659359,0.007371007371007376,0.01122090708364998,0.13194444444444442,0.05158730158730162,0.05514705882352943,0.06101694915254229,0.002894744371576996,0.002723165909058967,0.0030182885219052213,0.0,-0.049382716049382706,-0.009699909881567433,0.0,0.005362887824438278,0.004058965612116383,"cluster_1",143
-0.02688449862482512,-0.3097223971337767,0.00536352538309326,-0.002013333149046503,0.05630630630630628,0.01705115346038122,-0.002439024390243904,0.018101653089198644,0.042944785276073594,-0.03396226415094339,-0.04529616724738672,-0.05111821086261969,0.00637976576372723,0.00338243240398306,-0.0016852369298888668,0.0,0.03463203463203457,0.13459858462846364,0.05555555555555558,-0.0015150829348092871,8.555711961459875E-4,"cluster_3",144
0.002718775131643536,-1.1011279834370065,0.0053655970541819364,0.005488975883591207,-0.011371712864250203,-0.025641025641025772,0.004889975550122383,0.0020019605977754655,0.08235294117647074,0.08984375000000001,0.07664233576642343,0.047138047138046923,0.010865315059922942,0.002182077589643505,-2.139917919836699E-4,-0.007299270072992692,-0.05020920502092052,0.03586884459958872,0.0,0.02650930097324533,0.010705236210168943,"cluster_1",145
0.021608341965291933,6.947822427016757,0.005345681596204743,0.010068639379261278,-0.04313443565780017,-0.008097165991902801,-0.0048661800486619056,0.011073408545823062,0.02717391304347826,-0.03942652329749096,-0.04067796610169494,-0.03536977491961412,-0.008400582151543044,0.0030496528141248373,0.005866266039186607,-0.014705882352941235,-0.07929515418502207,0.06331491236200071,0.0,0.003669652453161198,0.0015012320754241857,"cluster_0",146
0.004842436024186547,-0.775899695036082,0.005052695493776183,-0.004102310021000144,-0.008264462809917328,0.002040816326530637,0.0,0.003174382832610956,0.0,0.01865671641791034,0.0070671378091873285,-0.006666666666666709,0.007447767132692463,0.002991678958060851,-0.0012753805472616175,0.00746268656716409,-0.00956937799043056,-0.0043975871985604265,0.05263157894736836,0.007669197851167819,0.005702898171936033,"cluster_0",147
0.03602155622136727,6.438726302515956,0.004915096985781187,0.005732659958785025,0.006060606060606099,-0.003054989816700604,0.0024449877750611915,-0.015717907914711393,0.05291005291005302,0.043956043956044015,0.038596491228070066,0.033557046979865834,0.002351301250187454,0.003523813487604111,9.859162575081013E-4,0.0,0.106280193236715,0.02708033058823922,0.0,0.0026148223036153153,0.0023400817077343645,"cluster_1",148
0.0302632114660546,-0.15985830040005136,0.004453051864957036,-0.0032334701601759433,-0.048192771084337394,-0.01736465781409602,0.0,0.03187372077156848,0.04020100502512558,-0.038596491228070184,-0.033783783783783765,-0.01948051948051954,0.0059731098994277865,0.0029446326121518322,0.004807454401376311,0.007407407407407307,-0.021834061135371226,-0.0651480969157252,0.0,0.005373752369155271,0.0021549183860871675,"cluster_0",149
0.004294287102661442,-0.8581020686625337,0.004202453069757307,-6.670035831523034E-4,0.019778481012658222,0.04054054054054035,-0.002439024390243904,-0.005081074799592079,0.038647342995169025,0.07299270072992692,0.06643356643356647,0.05629139072847677,-3.302424305842155E-4,-7.44334785245715E-4,-2.5973132312528957E-4,0.0,0.0714285714285714,0.035274406964004745,0.050000000000000044,0.00510198729397926,0.0036423937233514,"cluster_1",150
-0.0694033560244295,-17.161787594829377,0.003903888562500457,0.011510643871658566,-0.010861132660977544,-0.014985014985015031,-0.0024449877750611915,-0.011641839736915793,0.06511627906976747,0.013605442176870763,0.03278688524590167,0.06269592476489037,-0.0013838271800560298,0.0019932684084200685,-0.0021161793246040617,0.0,-0.04166666666666663,-0.04170171499970376,0.0,0.013508705308670876,0.0061141832811000265,"cluster_0",151
0.01785935678884898,-1.2573269912561953,0.0037614869535347317,0.002711479648138227,0.0337254901960784,-0.011156186612576004,0.0,-0.03605615436337328,0.013100436681222615,-0.04697986577181212,-0.04444444444444451,-0.02654867256637172,-7.183562623932492E-4,0.0015625322659469367,-0.00114959628883271,0.014705882352941124,-0.034782608695652195,0.029529721140392425,0.0,0.010964636121120419,0.003041650366086168,"cluster_0",152
-0.09177689459656393,-6.1388689795294065,0.0036628953349837627,-0.02344567673310249,0.015174506828528054,0.008205128205128087,0.002450980392156854,0.01722702042300273,0.03448275862068972,-0.1161971830985916,-0.10631229235880389,-0.08484848484848483,-4.39792248685622E-4,0.011607928304376404,-3.594930538630691E-4,0.01449275362318847,0.0,-0.01074737386578206,0.04761904761904767,0.01713138347409715,0.00844701359781874,"cluster_3",153
0.07868440165503675,-1.8573443457737415,0.0035190368951656397,0.013679758419330224,-0.0321375186846039,-0.07222787385554419,-0.0024449877750611915,0.019771675075429544,-0.01666666666666672,-0.03187250996015922,-0.022304832713754715,-0.009933774834437024,-0.005436760472527391,-3.3969006678302726E-4,0.0053902715047045024,0.014285714285714237,-0.072072072072072,-0.02568677511436323,0.0,2.2252626230767603E-4,0.0035265118815954732,"cluster_0",154
0.0297288891263523,-0.6221755710021429,0.0030159269466152328,-0.0017129853363917476,0.006949806949806846,0.02850877192982448,-0.0024509803921567426,-0.014616135414735165,0.016949152542372826,0.03703703703703697,0.038022813688213024,0.03344481605351169,-0.005559411552308213,0.0018893185540598272,-4.769256885109874E-4,0.0,0.0631067961165046,-0.028436305562595462,0.0,0.004785904425194332,0.0050988835737604266,"cluster_0",155
0.01792425621181715,-0.39707615257212153,0.002467380394780783,0.0162978754352312,0.009202453987730006,0.049040511727078906,0.0,0.02331953365068462,-0.020833333333333266,-0.1150793650793651,-0.11721611721611712,-0.0906148867313915,0.001319017210497764,-6.511962339151858E-4,-2.36554791750887E-4,-0.007042253521126752,0.00913242009132431,-0.014009287438276227,0.0,-0.002787278023476892,-7.991566164244906E-5,"cluster_3",156
0.03931349839568266,1.1933126781441536,0.0022902674064495536,0.0034483761100438937,0.01595744680851063,-0.012195121951219525,-0.0024570024570025324,-0.005336830597559295,0.012765957446808416,0.022421524663676973,0.041493775933609804,0.04270462633451966,-0.005922411739829991,-0.00369930425929066,-0.009619474616249011,0.007092198581560183,0.02714932126696823,0.0173367555892987,0.0,0.0014145262164155788,0.004727400030544614,"cluster_0",157
-0.06577773118928688,-2.673158937097048,0.0029759551151049557,0.0018787231813937046,0.0,0.028806584362139898,0.0,-0.02884267667840934,-0.033613445378151266,-0.15350877192982448,-0.14741035856573692,-0.11945392491467577,0.0019324370711060192,-3.065812781032353E-4,0.0028832429540579514,0.0,0.04845814977973583,-0.03660457433373054,0.0,0.0014951525178579224,0.004543524084607009,"cluster_3",158
0.06893016392561213,-2.047925531624884,0.0032783619809606535,0.0030586005623376433,-0.04562453253552734,-0.018000000000000016,0.002463054187192171,0.004428638669525586,-0.0956521739130434,-0.08808290155440411,-0.06542056074766354,-0.02325581395348841,-6.627500319661416E-4,8.791358571573761E-4,0.00824479186108462,0.0,-0.09663865546218485,0.061825593926388756,0.0,0.00656761277557094,0.005426595809149503,"cluster_0",159
0.013128152149977758,-0.8095441617671855,0.00348687149451532,0.006841462143539756,0.07288401253918497,0.0020366598778003286,-0.007371007371007488,0.013656376655239557,-0.01923076923076928,0.045454545454545414,0.010000000000000007,0.003968253968253953,-0.0031958118456009155,0.0011779605621529134,-3.4330418837846827E-4,0.007042253521126751,-0.09302325581395353,0.0251579130977102,0.0,0.0017368328892586324,0.0028766373507229655,"cluster_0",160
-0.01809162728132674,-2.3780787329888913,0.0030831756709410745,0.005480031364809789,0.08035062089116152,-0.08739837398373995,0.002475247524752478,-0.010277399378260443,-0.04411764705882361,-0.24456521739130443,-0.2574257425742574,-0.22529644268774696,0.00618675090733789,0.005039547868903594,0.005468491696929423,0.0,0.12307692307692308,0.08147080713745769,-0.045454545454545414,0.008070552272012366,0.002709116457884963,"cluster_3",161
0.017181177829208583,-1.9496756462002798,0.0032545047358796264,-0.007997809419496125,-0.027045300878972278,0.03786191536748329,0.0,-9.13437285264385E-4,-0.05641025641025634,0.11510791366906492,0.11999999999999987,0.08163265306122457,-0.003641119427548522,0.002036839042347305,-0.0012838423385351792,0.0,0.018264840182648397,-0.005767890338259086,-0.04761904761904767,0.0035407361694179684,0.004991754294129568,"cluster_1",162
0.020431770730503063,0.18919499778230348,0.003301289796720841,0.005823133097345945,0.04864489228630985,0.02467811158798283,-0.004938271604938316,0.01044971813397,-0.17934782608695657,-0.025806451612903288,0.005952380952380931,0.023584905660377183,-0.008305779348536824,9.116755245510701E-4,-0.006149174823655511,0.0,0.004484304932735438,-0.011908533192272029,-0.050000000000000044,-0.003941986262918196,0.0033840687671990994,"cluster_0",163
0.0340470374218862,0.6663772254969846,0.003229190906010482,0.0047685329516165,0.0,0.013612565445026094,0.00496277915632759,-0.03279140259024527,0.0331125827814569,0.07284768211920545,0.05325443786982253,0.01843317972350222,0.005155497735661153,0.0043518156179578335,0.004039573925147533,0.0,-0.09374999999999988,-0.004417473177062981,0.0,0.0015976937887425264,0.004484998812267715,"cluster_0",164
0.02858981896471691,-0.16028467879737635,0.00330018230353546,8.674599810338801E-4,-0.03711066931742879,0.025826446280991844,-0.002469135802469213,0.016396649232470088,-0.025641025641025675,0.043209876543209846,0.0786516853932584,0.08144796380090512,-0.003624950484176437,-0.0028080263873866427,-0.0020308129837629525,0.0,0.03448275862068972,-0.03474905760101409,0.0,-0.005184327518707232,0.0023102337554961046,"cluster_1",165
-0.001628092582220187,-1.0569465859238019,0.003475897872685652,0.005525537326303675,0.0667584308327598,0.0050352467270895485,0.0,-0.02847807351501508,0.0,-0.21893491124260342,-0.21354166666666657,-0.16736401673640167,-0.005177237474893736,0.008919368638044657,9.864974425137785E-4,-0.006993006993006978,0.04761904761904767,0.010752301889144443,0.0,-0.003122878646331429,0.0013919615725550556,"cluster_3",166
-0.08411048367946573,50.6619783162248,0.003775079624270372,-0.002119039658174615,-0.04645161290322586,0.012024048096192395,0.004950495049504955,-0.00336105142128762,-0.17763157894736847,-0.3257575757575758,-0.25165562913907286,-0.170854271356784,0.0023038466027907045,0.006162988682268945,0.003461783484480785,0.0,-0.054545454545454564,0.05194783895069044,0.0,3.817153333862681E-5,0.0038301944281080576,"cluster_3",167
-0.1251192824598233,0.4875587083369637,0.0031971523600138334,-0.055109766976349506,-0.06495263870094724,-0.11782178217821791,-0.0049261083743843415,-0.12990276034454074,-0.9120000000000001,-0.5842696629213483,-0.3805309734513274,-0.18181818181818177,-0.03826312833889478,-0.014918241664896971,-0.03979317044131281,0.05633802816901423,-0.1875000000000001,-0.10882906140553672,-0.3157894736842105,0.14662977374889372,0.05166755696999336,"cluster_0",168
0.12684403825663826,-2.013784892007903,0.0045396162800031,-0.12523918845171675,-0.20839363241678718,-0.1941638608305275,-0.05940594059405934,-0.1015175742648008,-0.1818181818181819,-0.027027027027027084,-0.08571428571428562,-0.05185185185185191,-0.13592829794854056,0.1567434653732147,-0.1151996257780291,0.15333333333333332,-0.5739644970414199,-0.3125016484722818,0.0,0.11682086949344717,0.02350415105167025,"cluster_5",169
0.0452818196760656,-0.643011841167901,0.004091564743817777,0.1704142229896919,0.1389396709323583,0.006963788300835549,0.01842105263157912,0.050469516003338384,0.5555555555555558,-0.1666666666666666,0.015625,0.1015625,0.019496020275100886,-0.048786595770702434,0.07989322214717219,-0.10404624277456641,0.4583333333333332,-0.13966582363155255,0.0,0.0024505761813113924,-0.0037778454571761886,"cluster_2",170
0.018388396357494674,-0.5939121596914505,0.009053104916532329,0.06992764786980654,0.040128410914927796,0.08022130013831252,0.010335917312661369,0.0882367642222952,0.1428571428571428,-0.033333333333333326,0.01538461538461533,0.0,0.06195933525466124,-0.01687993632523122,0.07659184554781584,-0.0903225806451614,0.3523809523809522,-0.045497325936350023,0.0,-0.036226452545631393,-0.014035849596470085,"cluster_2",171
0.055101321441235696,1.9965267427345668,0.009078361004850821,0.011729514864742717,0.18981481481481488,-0.0717029449423815,0.01534526854219953,0.05946584926003107,-0.43750000000000006,-0.27586206896551724,-0.16666666666666663,-0.14893617021276595,0.04087768834012339,0.005891401418669506,0.02635856636438971,-0.03546099290780125,0.18309859154929595,0.28940021923240145,0.0,-0.020189839077890074,-0.006867444706735615,"cluster_3",172
0.07006466708724646,0.27156055888730035,0.007550650325162556,0.0044026320218240045,-0.012970168612191912,0.022068965517241246,0.007556675062972306,0.014048577915188211,0.2222222222222223,0.3333333333333334,0.30909090909090886,0.24166666666666667,0.010577655716644818,-0.037023508070258004,0.0021319804339214876,-0.007352941176470562,0.17857142857142858,0.11203213686491417,0.0,-0.013625922256104817,-0.003953759673620994,"cluster_1",173
-0.03922797028993141,-1.559882347561627,8.417247211058854E-4,0.020663105940565307,0.04402102496714844,0.08502024291498,0.0050000000000001155,0.010438277132995168,-0.09090909090909083,0.0,-0.04166666666666674,-0.020134228187919434,-0.0030294371608177166,0.0057541838381369725,0.006063613501883669,0.0,0.07575757575757569,0.006447094064436553,0.0,-0.030562456344775165,-0.0061079062166417,"cluster_3",174
-0.02766578620279514,-0.2947433681039553,0.009623247720146777,-9.586328638802041E-4,0.00377595972309619,0.01741293532338295,0.007462686567164089,0.00898096249729985,-0.10000000000000012,0.3571428571428569,0.2753623188405798,0.1301369863013699,0.010915055035517042,-0.004794354168531136,0.009799150215594521,0.0,0.032863849765258246,-0.05653247708044418,0.0,-0.014887637613706482,-0.006710275645540275,"cluster_1",175
0.10754563548003036,-4.887315353762286,0.01122055707397962,-0.012011652581054853,0.06332288401253927,-0.05990220048899741,-0.004938271604938316,0.01617765849911934,-0.11111111111111106,-0.05263157894736847,-0.045454545454545525,-0.04242424242424236,0.005333932085748617,-0.012968577374682046,-0.0018479281769749885,0.0,0.06818181818181812,0.008056759338199713,0.0,-0.018839090853600582,-0.0052592431870150955,"cluster_0",176
0.03712145894064567,-0.6548306328289949,0.012029898226074033,-0.0030306950270729827,0.03655660377358494,0.04941482444733425,-0.004962779156327479,0.017158097753375182,0.125,0.0,0.10714285714285719,0.04430379746835422,0.01157358567077904,0.001776591937005856,-0.003957787933627332,0.0,0.008510638297872351,-0.02697716674704675,0.0,-0.014440539200868406,-3.459097087634704E-4,"cluster_1",177
-0.011136660723231162,-1.3000060084124878,0.014752659454755568,0.06791599473576904,0.07110352673492604,-0.02106567534076831,0.009975062344139696,0.02313782765777539,-0.3333333333333334,0.25,0.1935483870967742,0.1333333333333335,0.011417769068447605,0.10360015071002616,0.03182339355888252,-0.03703703703703709,0.10126582278481022,-0.13092364570556325,0.0,-0.01195841405470599,-0.0012519074920415156,"cluster_1",178
0.026091451349647524,-3.3428433350062057,0.01426464445586251,-0.02711386511917646,-0.08337758895379709,-0.027848101265822822,-0.002469135802469213,0.004247015610651994,-0.3333333333333333,0.6666666666666665,0.29729729729729715,0.160427807486631,-0.030289434610633385,-0.0847862684388353,-0.030456296755933646,0.023076923076923,0.06513409961685811,-0.07185136304970562,0.0,0.012994016817562182,0.004161699911024107,"cluster_1",179
0.04243863273788385,0.6265340003195016,0.014289983526976304,0.10984660764622634,0.016801853997682414,0.10546875000000022,0.002475247524752478,0.014293581604131413,-0.25000000000000006,0.2266666666666668,0.20833333333333343,0.11059907834101401,0.02868565903776687,0.22969218301796993,0.03953452225771992,-0.05263157894736848,0.05755395683453223,0.289262088290007,0.0,-0.01508621627329376,-0.0031313928202104666,"cluster_1",180
0.0524253212672663,0.2353206944970118,0.014505459758757281,0.004283129506618577,-0.012535612535612528,0.04004711425206109,-0.002469135802469213,-0.0013604522274331956,-0.6666666666666666,-0.0652173913043479,-0.05172413793103447,-0.04564315352697112,8.047453757396017E-4,-0.15547477706006965,-0.004223570956054856,-0.007936507936507908,-0.030612244897959107,0.7901210389107908,0.0,-0.002237223920551923,0.0013579920821500389,"cluster_0",181
0.005486488573281045,-0.8953465912910535,0.018533997294100105,-0.020431501647787842,-0.02885170225043276,-0.061155152887882085,0.0,0.02293351169141311,0.0,-0.08139534883720922,-0.042424242424242364,-0.017391304347826098,0.0068620417244380505,-0.029566046733428664,-0.02121688922424292,0.008000000000000007,0.03157894736842093,0.28073941784507084,0.0,-0.00657466281374386,0.0019201703771403176,"cluster_0",182
0.022214009634219822,3.048857358858097,0.019271226341283535,0.0065488824051664896,-0.05288175876411172,0.031363088057901,-0.002475247524752477,0.015124742522368177,4.0,0.10126582278481001,-0.08227848101265832,-0.08849557522123885,0.005482243256280217,-0.004224767861131575,0.005096594879040461,-0.007936507936507908,0.0748299319727892,0.16851949034082933,0.0,-0.03100886724872964,-0.0014225491697585921,"cluster_3",183
0.022748054915648686,0.024040922382881608,0.01982798912394546,-0.020197046112109263,0.022584692597239716,-0.050292397660818715,0.00496277915632759,0.0066425884361267515,0.19999999999999993,-0.20689655172413798,-0.1448275862068965,-0.08252427184466027,0.006939357263432866,0.008062397057032822,-3.1231262044395525E-4,0.0,-0.06962025316455699,-0.055223453806847005,0.0,-0.0011930438769237614,0.0043635809393933744,"cluster_0",184
0.028990416217415275,0.2744129695885509,0.01916148434599063,0.013074590705663303,0.0558282208588956,-0.13423645320197053,-0.002469135802469213,0.01010225912186691,-0.3333333333333333,0.11594202898550732,0.0483870967741935,0.015873015873015813,-7.403556079218498E-4,-0.0010617263543368784,-0.0017583497557170922,0.008000000000000007,0.0,-0.05710519437172501,0.0,-0.012589030967519843,0.0024916885743733186,"cluster_1",185
-0.04756916886178674,-2.640858430766881,0.01520706621457957,0.00715982213111932,-0.07844276583381758,0.03556187766714092,0.0,0.004719831648326789,0.0,0.2727272727272727,0.16923076923076927,0.08333333333333348,-0.012352029375019113,-0.016184669433059188,0.004505474237953998,0.0,-0.03741496598639448,0.018904538980806237,0.0,-0.003109425325836802,0.0033531402061084403,"cluster_1",186
0.0691438364596475,-2.4535430850294326,0.013272161761948233,0.020126914131782137,0.04224464060529631,-0.015109890109890056,-0.002475247524752477,0.012313708501429323,0.25,0.20408163265306123,0.019736842105263275,-0.07211538461538469,0.013922719442330147,-0.0016496205872649219,0.004508296878418694,-0.015873015873015928,-0.04946996466431108,0.1380332144413505,0.0,9.451677671750144E-4,0.004682773447673315,"cluster_1",187
-0.008333706225119973,-1.1205271019345817,0.012425055600049806,0.007379003445421528,0.03871748336358127,-0.05997210599721058,0.0,0.018476099137807456,0.0,-0.03389830508474578,-0.07741935483870974,-0.07772020725388595,0.008868553185142236,-0.0019504166504672469,-0.0029767572197826326,0.008064516129032251,0.08178438661710041,0.07807558793846847,0.0,0.00861130571833102,0.007666355367639709,"cluster_0",188
