Date,SP500_returns,HouseValue,RetailSales,BuildingPermits,ConsumerSentiment,AvgWeeklyHoursMan,NewOrdersMan,ThreemonthsIR,FiveyearsIR,TenyearsIR,ThirtyyearsIR,IndProdInd,DispPersIncome,ManTradeSales,TotalInvToSales,AvgDurUnem,YOYCoreCPI,PrimeLendRate,CommNndLoansAllBanks,OutstandingLoans
2006-03-01,0.011095810459249567,209368,320869,2118,88.9,39.8,430457,4.52,4.82,4.86,4.9,98.5915,11195.7,1285689,1.26,17.1,0.020989505247376306,7.75,1072.8866,5364.8572
2006-04-01,0.012155652737941391,210541,322561,1998,87.4,39.8,418625,4.65,4.92,5.07,5.17,98.9042,11190.3,1273540,1.27,16.7,0.022977022977023198,7.75,1090.6462,5419.0718
2006-05-01,-0.030916916141150885,211621,321794,1905,79.1,40,423472,4.74,5.04,5.12,5.21,98.8999,11182.7,1284007,1.27,17.1,0.0244389027431422,8,1105.7727,5479.8736
2006-06-01,8.659622778250942e-5,212517,323184,1867,84.9,40.1,427440,4.87,5.1,5.15,5.19,99.209,11198.2,1280472,1.28,16.6,0.026420737786640114,8.25,1119.7251,5511.1273
2006-07-01,0.005085878797990828,213214,324204,1763,84.7,40,416849,4.97,4.91,4.99,5.07,99.1473,11196.3,1274914,1.29,17.1,0.026879044300647026,8.25,1130.412,5551.7303
2006-08-01,0.02127419303234812,213738,325324,1722,82,39.9,418759,4.92,4.7,4.74,4.88,99.5815,11189.6,1282063,1.28,17.1,0.028344107409249197,8.25,1152.0943,5590.8615
2006-09-01,0.024566298512509466,214056,323236,1655,85.4,39.9,435776,4.77,4.59,4.64,4.77,99.4133,11252.3,1281830,1.31,17.1,0.02930948832588176,8.25,1146.2849,5612.5652
2006-10-01,0.031508002961554205,214284,322678,1570,93.6,40,415798,4.95,4.57,4.61,4.72,99.2931,11306,1282760,1.32,16.3,0.027722772277227747,8.25,1165.5642,5749.117
2006-11-01,0.016466656727820217,214427,323343,1535,92.1,39.9,426451,4.9,4.45,4.46,4.56,99.2376,11353.1,1283503,1.31,16.2,0.026172839506172885,8.25,1170.3933,5809.6855
2006-12-01,0.012615782852659851,214509,326849,1638,91.7,39.9,437894,4.89,4.7,4.71,4.81,100.2526,11406.8,1304033,1.28,16.1,0.026134122287968298,8.25,1181.5668,5881.7234
2007-01-01,0.014059042735039773,214575,327181,1626,96.9,40,427905,4.99,4.82,4.83,4.93,99.86,11403.7,1296080,1.31,16.3,0.026574803149606252,8.25,1193.7869,5899.1507
2007-02-01,-0.02184617603352823,214591,327953,1598,91.3,39.8,430410,5.01,4.52,4.56,4.68,100.8096,11439.6,1303857,1.3,16.7,0.0271856581532417,8.25,1213.7245,5932.3725
2007-03-01,0.009979982896830553,214552,330579,1596,88.4,40,442158,4.9,4.54,4.65,4.84,101.0257,11475,1305493,1.28,17.8,0.025051395007342103,8.25,1219.0115,5871.9184
2007-04-01,0.04329069060242419,214420,329560,1470,87.1,40,446596,4.79,4.51,4.63,4.81,101.7497,11490.1,1303242,1.28,16.9,0.024155273437499902,8.25,1228.6311,5941.7633
2007-05-01,0.03254922870993493,214106,334202,1493,88.3,40,445891,4.6,4.86,4.9,5.01,101.8148,11495.5,1311962,1.28,16.6,0.022677702044790582,8.25,1246.5951,5991.4153
2007-06-01,-0.017816322202167556,213646,331076,1407,85.3,40.1,446539,4.68,4.92,5.03,5.12,101.8424,11488.4,1310470,1.28,16.5,0.02181641573579407,8.25,1265.0698,6044.031
2007-07-01,-0.03198187831680255,213028,332342,1361,90.4,40.1,450464,4.82,4.6,4.78,4.92,101.7209,11500.4,1302662,1.29,17.2,0.021682016480853106,8.25,1284.72,6095.7116
2007-08-01,0.012863571531556817,212434,334169,1321,83.4,40.1,452598,3.91,4.25,4.54,4.83,101.9639,11506.2,1319012,1.28,17,0.020884912959380886,8.25,1321.029,6212.6112
2007-09-01,0.03579400834329949,211727,335442,1261,83.4,40.1,448633,3.72,4.23,4.59,4.83,102.2023,11527.1,1319652,1.28,16.3,0.02101351351351366,7.75,1359.6511,6293.127
2007-10-01,0.01482233830031121,210935,337530,1192,80.9,39.9,458907,3.84,4.16,4.48,4.74,101.8873,11523.6,1326662,1.27,17,0.021565510597302495,7.5,1376.7363,6384.9832
2007-11-01,-0.04404341722481442,209957,341133,1224,76.1,40.1,464910,3.08,3.41,3.97,4.4,102.4717,11512.3,1323441,1.26,17.3,0.023387872954764077,7.5,1405.5671,6431.1029
2007-12-01,-0.008628509033968612,208928,336189,1149,75.5,40.1,481274,3.29,3.45,4.04,4.45,102.4621,11552.1,1312662,1.28,16.6,0.024353676117251366,7.25,1423.8891,6490.2149
2008-01-01,-0.06116343193593643,207727,337412,1094,78.4,40,478676,1.92,2.82,3.67,4.35,102.3148,11553.4,1319262,1.27,17.5,0.024789069990412305,6,1446.1959,6543.0423
2008-02-01,-0.03476119277262446,206296,334584,1014,70.8,40,473714,1.81,2.5,3.53,4.41,101.9384,11547.6,1306654,1.28,16.9,0.022970808329547898,6,1454.2847,6586.2372
2008-03-01,-0.005959623614529841,204677,335193,967,69.5,40.2,473829,1.36,2.46,3.45,4.3,101.5904,11545.3,1289336,1.28,16.5,0.02388524386633417,5.25,1478.1344,6625.3624
2008-04-01,0.047546697913198877,202927,334843,1008,62.6,40,477888,1.41,3.03,3.77,4.49,100.9098,11500.7,1302474,1.27,16.9,0.02294669292051843,5,1488.6864,6645.0662
2008-05-01,0.010674181657577053,201220,337947,995,59.8,40,477706,1.85,3.41,4.06,4.72,100.3073,12060.9,1293471,1.26,16.6,0.023222157689781087,5,1492.3804,6613.6331
2008-06-01,-0.08596238490280361,199495,338311,1180,56.4,40.1,485010,1.87,3.34,3.99,4.53,100.0853,11755.3,1291741,1.25,17.1,0.023917259211376996,5,1504.7168,6605.3681
2008-07-01,-0.009859371093750013,197782,336771,921,61.2,39.8,477725,1.65,3.25,3.99,4.59,99.6124,11574,1269465,1.26,17,0.02463313612274831,5,1515.5635,6624.1941
2008-08-01,0.012190464532380041,195932,334045,858,63,39.9,463929,1.69,3.1,3.83,4.43,98.0601,11506.9,1260142,1.29,17.7,0.024981171756213394,5,1513.3577,6644.2877
2008-09-01,-0.09079143377908461,194160,328343,797,70.3,39.6,452545,0.9,2.98,3.85,4.31,93.8451,11531.5,1229147,1.31,18.6,0.024386208722122937,5,1542.989,6734.3099
2008-10-01,-0.1694245237674199,192376,314830,736,57.6,39.6,419715,0.44,2.8,4.01,4.35,94.7036,11616.7,1217693,1.36,19.9,0.022213629955157854,4,1586.6953,7008.7259
2008-11-01,-0.07484904258064518,190540,301332,626,55.3,39.4,386733,0.01,1.93,2.93,3.45,93.4737,11713.8,1184469,1.45,18.9,0.02015893915169764,4,1576.4832,6969.6847
2008-12-01,0.007821576897053983,188637,294025,554,60.1,39,365490,0.11,1.55,2.25,2.69,90.825,11655.4,1178034,1.47,19.9,0.017624596562335837,3.25,1537.8172,6889.8008
2009-01-01,-0.0856573429283144,186788,298673,545,61.2,38.9,343559,0.24,1.85,2.87,3.58,88.583,11718,1153058,1.48,19.8,0.016723503187990874,3.25,1545.2537,6908.0541
2009-02-01,-0.10993119757149228,185237,297631,558,56.3,39,343150,0.26,1.99,3.02,3.71,88.0069,11598.7,1160215,1.45,20.2,0.01800980653363804,3.25,1526.9988,6903.8344
2009-03-01,0.08540446162249471,183743,292300,513,57.3,38.5,333431,0.21,1.67,2.71,3.56,86.6045,11593.4,1136275,1.47,20.9,0.017876130957932945,3.25,1507.9161,6835.6365
2009-04-01,0.0939250798621647,182289,293614,521,65.1,38.7,334449,0.14,2.02,3.16,4.05,85.9406,11660.2,1127427,1.45,21.7,0.0193232662192393,3.25,1488.9152,6885.0638
2009-05-01,0.05308144625538547,180864,296501,556,68.7,38.6,339817,0.14,2.34,3.47,4.34,85.0635,11826.7,1127913,1.43,22.4,0.018461309413034588,3.25,1465.7173,6850.6255
2009-06-01,1.9582653030303376e-4,179643,302169,601,70.8,38.7,345129,0.19,2.54,3.53,4.32,84.7841,11610.9,1126129,1.38,23.9,0.017119726678550107,3.25,1436.0081,6766.1848
2009-07-01,0.07414172701671662,178698,302802,595,66,39,348909,0.18,2.53,3.52,4.31,85.7471,11560.4,1142764,1.36,25.1,0.015270992984974363,3.25,1386.1858,6691.399
2009-08-01,0.033560189240494864,177910,309023,616,65.7,39.1,355776,0.15,2.39,3.4,4.18,86.7094,11538.6,1143418,1.32,25.3,0.014339650543224725,3.25,1357.2702,6612.98
2009-09-01,0.035723345788458705,177234,301033,609,73.5,39.2,359189,0.14,2.31,3.31,4.03,87.4072,11573.1,1144772,1.32,26.6,0.014798373886199645,3.25,1322.8237,6512.1787
2009-10-01,-0.019762000860415463,176707,304154,583,70.6,39.3,366143,0.05,2.31,3.41,4.23,87.6595,11538.1,1150407,1.31,27.5,0.017127331771131127,3.25,1303.9646,6453.4698
2009-11-01,0.05736406198137356,176490,306675,623,67.4,39.6,369445,0.06,2.01,3.21,4.2,88.0061,11571,1159044,1.3,28.9,0.01714243571010421,3.25,1287.2206,6510.394
2009-12-01,0.01777057118840042,176392,308413,664,72.5,39.7,371392,0.06,2.69,3.85,4.63,88.2819,11630,1162939,1.28,29.7,0.018236717759594345,3.25,1256.7441,6430.5595
2010-01-01,-0.03697424615494738,176328,308299,636,74.4,39.9,393694,0.08,2.34,3.63,4.51,89.2744,11644.6,1159614,1.27,30.3,0.015123351706495702,3.25,1234.838,6365.5157
2010-02-01,0.0285136889405313,176130,308628,650,73.6,39.6,394215,0.13,2.3,3.61,4.55,89.5648,11655.6,1167271,1.28,29.8,0.013494526888039982,3.25,1219.7346,6304.0133
2010-03-01,0.058796426031891835,175982,316003,687,73.6,40,400659,0.16,2.55,3.84,4.72,90.2296,11702.1,1182072,1.26,31.6,0.011592051426555505,3.25,1210.7171,6718.7956
2010-04-01,0.01475922988379108,175946,318707,637,72.2,40.2,400842,0.16,2.43,3.69,4.53,90.5689,11799.8,1192644,1.25,33.3,0.009675088932173947,3.25,1204.9515,6696.5397
2010-05-01,-0.08197584191033447,175867,315604,575,73.6,40.5,404370,0.16,2.1,3.31,4.22,91.824700000000007,11887.9,1188910,1.26,34,0.00940138142747493,3.25,1195.6673,6652.8046
2010-06-01,-0.05388244202641512,175583,314925,587,76,40.1,400624,0.18,1.79,2.97,3.91,92.007,11895,1200366,1.27,34.5,0.009501989849939774,3.25,1184.3053,6628.2021
2010-07-01,0.06877784991155234,174897,315632,579,67.8,40.2,402326,0.15,1.6,2.94,3.98,92.3967,11910.8,1210538,1.27,33.9,0.009577539302116689,3.25,1190.0527,6599.1432
2010-08-01,-0.047449184040287196,174075,317408,580,68.9,40.3,408354,0.14,1.33,2.47,3.52,92.7118,11949.7,1211152,1.28,33.7,0.009171009950067255,3.25,1186.4799,6599.1561
2010-09-01,0.08755110294402013,173127,320080,563,68.2,40.4,422049,0.16,1.27,2.53,3.69,92.9252,11949.4,1210964,1.28,33.4,0.008143870498363182,3.25,1185.0932,6564.4082
2010-10-01,0.03685599439707654,172197,323900,558,67.7,40.4,417830,0.12,1.17,2.63,3.99,92.7115,11950.4,1217216,1.27,34,0.006027183550187942,3.25,1188.1683,6562.6653
2010-11-01,-0.0022902497989432113,171161,327745,560,71.6,40.4,426427,0.17,1.47,2.81,4.12,92.7535,11960.5,1220690,1.27,33.9,0.00672056411046551,3.25,1187.5872,6563.7255
2010-12-01,0.06530004048985472,170189,329627,632,74.5,40.5,429764,0.12,2.01,3.3,4.34,93.6492,12030.1,1222861,1.27,34.7,0.006618948664665503,3.25,1192.5618,6544.3192
2011-01-01,0.02264557398008682,169219,332357,576,74.2,40.3,445734,0.15,1.95,3.42,4.58,93.4768,12084.4,1237849,1.25,37.2,0.009835337415527112,3.25,1195.1243,6509.6811
2011-02-01,0.03195656405295222,168303,334710,542,77.5,40.5,438975,0.15,2.13,3.42,4.49,93.0617,12117,1220120,1.26,37.4,0.01124445592146106,3.25,1201.2169,6491.2277
2011-03-01,-0.0010473132038185673,167338,338007,583,67.5,40.4,463133,0.09,2.24,3.47,4.51,94.0244,12083.3,1234097,1.24,39.1,0.012097851736773357,3.25,1208.4771,6478.0353
2011-04-01,0.02849538044379507,166306,339884,581,69.8,40.4,454441,0.04,1.97,3.32,4.4,93.7011,12061.3,1229594,1.25,38.7,0.013155392125784537,3.25,1217.7391,6487.7439
2011-05-01,-0.01350095276693064,165276,339303,618,74.3,40.5,458536,0.06,1.68,3.05,4.22,93.849,12043.2,1219944,1.27,39.6,0.014540961794335727,3.25,1229.6299,6486.9513
2011-06-01,-0.01825746126569705,164386,341600,636,71.5,40.4,454746,0.03,1.76,3.18,4.38,94.0844,12087.9,1232271,1.27,39.9,0.01583677676609674,3.25,1235.1277,6496.7387
2011-07-01,-0.021474425791952023,163770,341373,621,63.7,40.4,459477,0.1,1.35,2.82,4.12,94.5881,12128.6,1237862,1.27,40.7,0.01741483445742964,3.25,1250.8957,6524.6227
2011-08-01,-0.05679110746359761,163322,342288,647,55.8,40.4,468947,0.02,0.96,2.23,3.6,95.1605,12120.6,1247048,1.26,40.5,0.019651571719433658,3.25,1269.7463,6541.5349
2011-09-01,-0.07176198830376013,162989,345496,610,59.5,40.3,457843,0.02,0.96,1.92,2.9,95.0855,12104,1238946,1.26,40.4,0.019877227562006272,3.25,1270.1636,6548.589
2011-10-01,0.10772303853581011,162624,347924,671,60.8,40.6,463126,0.01,0.99,2.17,3.16,95.6902,12117,1254588,1.26,38.7,0.021079204796465634,3.25,1283.3406,6579.4955
2011-11-01,-0.005058715193587249,162300,349304,706,63.7,40.4,471598,0.01,0.96,2.08,3.06,95.7307,12112.6,1250048,1.27,40.2,0.02138204538395394,3.25,1294.4788,6606.003
2011-12-01,0.008532763948144062,161985,349744,697,69.9,40.6,478391,0.02,0.83,1.89,2.89,96.2047,12227.3,1261003,1.26,40.4,0.02276662633858506,3.25,1307.7199,6619.1559
2012-01-01,0.043583062218506274,161775,352862,712,75,40.8,479475,0.06,0.71,1.83,2.94,96.7772,12311.1,1268460,1.25,40.2,0.022773481506083826,3.25,1321.3671,6633.2546
2012-02-01,0.040589464130841746,161647,357379,738,75.3,40.8,488327,0.08,0.87,1.98,3.08,97.051,12384.8,1273029,1.25,39.7,0.021598204405657295,3.25,1348.2223,6718.5588
2012-03-01,0.03133231453053065,161720,358719,806,76.2,40.7,478078,0.07,1.04,2.23,3.35,96.5714,12431.1,1271849,1.26,39.3,0.022483374654291177,3.25,1354.646,6718.1311
2012-04-01,-0.00749745270927038,161956,356849,732,76.4,40.8,473878,0.1,0.82,1.95,3.12,97.3139,12486.5,1275997,1.26,39.2,0.02314427851801515,3.25,1370.9972,6736.7581
2012-05-01,-0.06265072563317764,162344,356018,796,79.3,40.6,474026,0.07,0.67,1.59,2.67,97.4669,12490.2,1279867,1.27,39.6,0.022522582803613078,3.25,1384.5605,6769.4416
2012-06-01,0.03955498213459152,162758,352043,794,73.2,40.7,461750,0.09,0.72,1.67,2.76,97.4577,12482.6,1276299,1.3,40.3,0.02192285611289857,3.25,1399.2492,6777.4525
2012-07-01,0.012597574126154365,163222,353891,849,72.3,40.7,473561,0.11,0.6,1.51,2.56,97.6786,12396.5,1278728,1.3,39.3,0.02109955687378462,3.25,1415.9568,6795.2411
2012-08-01,0.019763369680148246,163742,358450,840,74.3,40.5,459040,0.09,0.59,1.57,2.68,97.2842,12364.4,1277591,1.29,39.6,0.019352524993137443,3.25,1425.8229,6820.3366
2012-09-01,0.024236153696477025,164339,361470,930,78.3,40.6,475687,0.1,0.62,1.65,2.82,97.2295,12453.3,1279516,1.29,39.8,0.020082434834909124,3.25,1439.6865,6820.8081
2012-10-01,-0.019789409878227415,165032,361991,887,82.6,40.6,479287,0.11,0.72,1.72,2.85,97.5344,12538.2,1274571,1.29,39.6,0.019946491483669337,3.25,1454.3943,6855.1851
2012-11-01,0.002846717017343403,165830,362876,917,82.7,40.6,473577,0.08,0.61,1.62,2.81,97.9837,12702.9,1298060,1.28,39,0.019528512686261434,3.25,1451.7222,6866.3621
2012-12-01,0.007068230463864511,166701,364488,941,72.9,40.7,490421,0.05,0.72,1.78,2.95,98.2122,13011.6,1302868,1.29,37.6,0.018996943778720743,3.25,1482.2045,6906.3343
2013-01-01,0.05042809651957847,167675,367009,940,73.8,40.7,484201,0.07,0.88,2.02,3.17,98.1664,12258.9,1307206,1.29,35.6,0.019098022178631435,3.25,1486.7602,6938.4937
2013-02-01,0.011060649195259176,168701,372291,980,77.6,40.9,498821,0.11,0.77,1.89,3.1,98.6458,12224.9,1312035,1.27,36.4,0.01988738521448563,3.25,1491.7343,6945.7889
2013-03-01,0.035987723516956116,169831,369081,936,78.6,40.8,474885,0.07,0.77,1.87,3.1,99.0597,12262.1,1304969,1.29,37,0.018890221377988237,3.25,1504.5601,6948.0468
2013-04-01,0.01808576785925231,171008,367514,1012,76.4,40.7,482654,0.05,0.68,1.7,2.88,98.9927,12299,1303671,1.3,36.5,0.01715558856294086,3.25,1506.8766,6967.0073
2013-05-01,0.020762811721046104,172250,369493,1003,84.5,40.7,492752,0.04,1.05,2.16,3.3,99.0726,12358.6,1317695,1.28,36.8,0.016455519491850756,3.25,1511.3231,6982.3112
2013-06-01,-0.014999301636062778,173546,371041,942,84.1,40.8,502482,0.04,1.41,2.52,3.52,99.2065,12361.7,1314033,1.29,36.4,0.016230952474272975,3.25,1523.7283,6996.2234
2013-07-01,0.04946207981522499,174877,373554,997,85.1,40.7,483308,0.04,1.38,2.6,3.64,98.9204,12350.6,1314276,1.29,37.3,0.01700221768056709,3.25,1536.7144,7023.5743
2013-08-01,-0.031298019033866864,176213,372489,964,82.1,40.9,482827,0.03,1.62,2.78,3.7,99.4996,12379.6,1319628,1.29,37.6,0.01782107690904433,3.25,1532.6613,7016.4646
2013-09-01,0.029749523177239112,177507,372505,1004,77.5,40.9,498211,0.02,1.39,2.64,3.69,100.0568,12431.5,1323701,1.3,37.4,0.017519368418314363,3.25,1535.8941,7033.7625
2013-10-01,0.04459575261800608,178732,373663,1044,73.2,40.8,494189,0.04,1.31,2.57,3.63,99.9168,12395.1,1331422,1.3,35.1,0.01686837731144819,3.25,1553.0007,7073.8441
2013-11-01,0.02804947163518645,179836,373914,1029,75.1,41,503692,0.06,1.37,2.75,3.82,100.1762,12426.2,1347662,1.29,36.6,0.017416677473738762,3.25,1569.5734,7096.1216
2013-12-01,0.02356279155049279,180858,377032,1005,82.5,40.9,499738,0.07,1.75,3.04,3.96,100.3658,12452.7,1342339,1.3,36.5,0.017408566188369834,3.25,1576.7843,7116.3343
2014-01-01,-0.035582905675162646,181813,373033,976,81.2,40.7,488511,0.02,1.49,2.67,3.61,100.038,12513.3,1328414,1.32,35.1,0.016070344358370292,3.25,1591.3822,7142.5631
2014-02-01,0.04311702997659528,182735,378581,1039,81.6,40.7,494965,0.05,1.51,2.66,3.59,100.7918,12579.5,1339979,1.31,36.5,0.015548073904948723,3.25,1628.4409,7203.3617
2014-03-01,0.006932165607935747,183464,382601,1067,80,41,496803,0.05,1.73,2.73,3.56,101.7782,12648.6,1350652,1.3,35.3,0.016456609706435588,3.25,1632.2663,7244.4069
2014-04-01,0.006200788965052828,184064,386689,1090,84.1,40.9,499122,0.03,1.69,2.67,3.47,101.8337,12699,1352609,1.3,34.9,0.018210555250137483,3.25,1655.0483,7293.9889
2014-05-01,0.021030280012996005,184605,387100,1018,81.9,41.1,490538,0.04,1.54,2.48,3.33,102.2325,12745,1356343,1.3,34.4,0.019455269618362525,3.25,1668.3374,7330.4941
2014-06-01,0.01905833165892057,185204,388106,1010,82.5,41.1,501906,0.04,1.62,2.53,3.34,102.5722,12797.2,1355815,1.31,33.9,0.019228626526676562,3.25,1681.9118,7366.3321
2014-07-01,-0.015079830581919862,185792,388359,1076,81.8,40.9,563264,0.03,1.76,2.58,3.32,102.8479,12835.1,1364444,1.3,32.7,0.018449632290063356,3.25,1698.9234,7418.1818
2014-08-01,0.03765529548973512,186305,391305,1047,82.5,41,494523,0.03,1.63,2.35,3.09,102.6491,12896.3,1366998,1.31,32,0.0173639560289498,3.25,1712.145,7460.6146
2014-09-01,-0.015513837223063764,186807,389860,1077,84.6,40.9,497329,0.02,1.78,2.52,3.21,102.9858,12938.8,1366811,1.31,31.9,0.017409458883681284,3.25,1725.1012,7488.2415
2014-10-01,0.02320146078677232,187396,390506,1094,86.9,41,484439,0.01,1.62,2.35,3.07,102.9911,12995.3,1368570,1.32,32.3,0.01817632310436279,3.25,1735.1489,7515.8029
2014-11-01,0.02453358876036482,188111,391805,1059,88.8,41.1,479828,0.02,1.49,2.18,2.89,103.6669,13062.8,1372234,1.33,32.7,0.017415947552462452,3.25,1765.6725,7577.5809
2014-12-01,-0.004188587877920424,188862,388569,1072,93.6,41,465231,0.04,1.65,2.17,2.75,103.6139,13150.5,1380177,1.35,32.7,0.016224195046636636,3.25,1773.2947,7633.4824
2015-01-01,-0.031040805790470194,189582,385648,1049,98.1,41,451813,0.02,1.18,1.68,2.25,102.8479,13224.7,1382524,1.38,32,0.01631625565241701,3.25,1793.6671,7672.3066
2015-02-01,0.054892511014553946,190322,385157,1127,95.4,41,451403,0.02,1.5,2,2.6,102.2292,13271.8,1376941,1.39,31.2,0.016880834938713285,3.25,1814.6651,7745.8564
2015-03-01,-0.01739610691375626,191185,391420,1072,93,40.8,461086,0.03,1.37,1.94,2.54,101.8945,13233.7,1384614,1.38,30.5,0.017453777073428434,3.25,1834.6956,7800.9602
2015-04-01,0.008520819730124751,192080,391356,1166,95.9,40.8,460208,0.01,1.43,2.05,2.75,101.2859,13262.8,1395091,1.38,30.9,0.01802827832894649,3.25,1852.4031,7850.1059
2015-05-01,0.010491382393316817,192987,394718,1272,90.7,40.8,447136,0.01,1.49,2.12,2.88,100.8408,13284.7,1381123,1.38,30.7,0.0175094409524732,3.25,1871.1864,7895.574
2015-06-01,-0.021011672375900514,193794,395464,1379,96.1,40.6,469819,0.01,1.63,2.35,3.11,100.5063,13292.7,1383784,1.38,28.4,0.01777267624465506,3.25,1882.7892,7938.3322
2015-07-01,0.019742029696721453,194593,398193,1140,93.1,40.8,460361,0.08,1.54,2.2,2.92,101.1831,13324.1,1386840,1.38,28.1,0.018346312894897077,3.25,1887.1214,7974.6531
2015-08-01,-0.06258081816720285,195446,398105,1165,91.9,40.9,452229,0.08,1.54,2.21,2.95,100.9115,13354.9,1388664,1.39,28.4,0.018506323273421277,3.25,1911.863,8037.1818
2015-09-01,-0.026442831573227132,196330,396248,1144,87.2,40.6,444225,-0.01,1.37,2.06,2.87,100.568,13392,1403145,1.4,25.7,0.01897096144665089,3.25,1921.0188,8093.3152
2015-10-01,0.08298311776039413,197193,394503,1160,90,40.7,447495,0.08,1.52,2.16,2.93,100.1588,13419.8,1399866,1.41,27.5,0.019135335359607986,3.25,1930.6219,8122.3861
2015-11-01,5.048692607241279e-4,197974,396240,1244,91.3,40.7,449790,0.22,1.65,2.21,2.98,99.4099,13417.7,1396940,1.41,27.9,0.019974275238246353,3.25,1949.1887,8190.2538
2015-12-01,-0.01753018517631444,198835,397052,1212,92.6,40.6,438803,0.16,1.76,2.27,3.01,98.8329,13482,1394894,1.42,27.9,0.020715072792840905,3.5,1952.4533,8245.2107
2016-01-01,-0.05073532197294639,199773,394749,1161,92,40.8,438074,0.32,1.33,1.94,2.75,99.4797,13531.6,1395837,1.44,29.1,0.02145022538582464,3.5,1972.6996,8300.5546
2016-02-01,-0.004128360430299072,200734,398105,1187,91.7,40.7,431978,0.33,1.22,1.74,2.61,98.9583,13546.1,1407109,1.43,29.4,0.02222573822094165,3.5,1982.8889,8345.6318
2016-03-01,0.06599111457736506,201587,396911,1114,91,40.7,433387,0.21,1.21,1.78,2.61,98.1954,13547.2,1407621,1.43,28.3,0.02142426948557663,3.5,2016.3033,8425.8368
2016-04-01,0.002699398480873194,202475,398190,1158,89,40.8,442914,0.22,1.28,1.83,2.66,98.4673,13522,1405968,1.43,27.9,0.02156654761214183,3.5,2036.1616,8483.429
2016-05-01,0.015324602357572603,203378,400143,1196,94.7,40.8,440226,0.34,1.37,1.84,2.64,98.2889,13515.1,1398587,1.43,26.9,0.022545595974976074,3.5,2054.021,8535.3357
2016-06-01,9.109211209781254e-4,204359,404756,1208,93.5,40.7,436158,0.26,1.01,1.49,2.3,98.7201,13521.5,1406826,1.41,28,0.022622116465067066,3.5,2055.7698,8603.1465
2016-07-01,0.03560980112525436,205362,403730,1190,90,40.7,433597,0.27,1.03,1.46,2.18,98.8992,13567.1,1405222,1.42,27.8,0.021701399624842965,3.5,2054.1894,8619.5488
2016-08-01,-0.0012192431360480427,206378,403968,1205,89.8,40.7,443918,0.33,1.19,1.58,2.23,98.7249,13578.9,1416348,1.42,27.2,0.023087345614186683,3.5,2053.4345,8665.9961
2016-09-01,-0.0012344508443253854,207399,405958,1280,91.2,40.8,434829,0.28,1.14,1.6,2.32,98.606,13608.3,1417950,1.41,26.5,0.022711206825691832,3.5,2074.246,8702.472
2016-10-01,-0.019425679279557517,208429,407395,1278,87.2,40.8,461469,0.34,1.31,1.84,2.58,98.6703,13627.7,1420099,1.41,26.6,0.022045551507991146,3.5,2089.4596,8744.091
2016-11-01,0.034174522187570444,209529,406061,1236,93.8,40.6,442198,0.48,1.83,2.37,3.02,98.2288,13657.8,1420567,1.42,25.9,0.021454219398053587,3.5,2091.1738,8774.2696
2016-12-01,0.01820076219689515,210602,412610,1252,98.2,40.7,445811,0.5,1.93,2.45,3.06,98.8958,13685.3,1437758,1.39,26.3,0.02197123661300271,3.75,2078.4859,8753.6575
2017-01-01,0.0178843581714645,211656,416081,1301,98.5,40.8,447001,0.52,1.9,2.45,3.05,98.7446,13742.1,1431582,1.39,25.3,0.022502092221020176,3.75,2083.9607,8784.3443
2017-02-01,0.037198160337279074,212684,415503,1240,96.3,40.7,445123,0.53,1.89,2.36,2.97,98.3676,13792.3,1428319,1.39,25.5,0.022353468290497336,3.75,2081.031,8806.545
2017-03-01,-3.891971880845002e-4,213791,414620,1285,96.9,40.6,450248,0.75,1.93,2.4,3.02,99.1065,13851.3,1425497,1.4,25.1,0.02045845481938735,4,2054.7396,8795.0711
2017-04-01,0.00909120854931822,214948,416889,1258,97,40.7,451986,0.79,1.81,2.29,2.96,100.0363,13869.6,1422919,1.39,24.1,0.018965650108902388,4,2069.7212,8847.3846
2017-05-01,0.01157625139134133,216104,414540,1209,97.1,40.8,448086,0.96,1.75,2.21,2.87,100.147,13962.6,1427911,1.4,24.7,0.017370931912259246,4,2069.7109,8876.839
2017-06-01,0.004813775090855454,217266,416505,1329,95,40.8,466961,1.01,1.89,2.31,2.84,100.3042,13963.5,1432684,1.4,24.6,0.01699119334249022,4.25,2073.0172,8891.3732
2017-07-01,0.01934882611803057,218384,416744,1264,93.4,41,450373,1.05,1.84,2.3,2.89,100.2092,13999.9,1438238,1.41,24.6,0.016769627444729984,4.25,2078.2185,8937.9412
2017-08-01,5.464328110855732e-4,219523,417179,1314,96.8,40.8,453992,0.99,1.7,2.12,2.73,99.7055,14015.8,1445591,1.4,24,0.016552412618799472,4.25,2086.2796,8964.2537
2017-09-01,0.019302978533243698,220706,426501,1257,95.1,40.8,466658,1.04,1.92,2.33,2.86,99.7485,14030.9,1452359,1.38,26.1,0.015953898457655935,4.25,2109.0664,9012.7398
2017-10-01,0.02218813533034969,221952,426933,1346,100.7,41,466004,1.13,2.01,2.38,2.88,100.988,14062.7,1460463,1.37,26.2,0.017596390813271245,4.25,2108.7164,9059.3571
2017-11-01,0.02808262766445857,223228,431158,1302,98.5,41,478454,1.25,2.14,2.42,2.83,101.273,14078.4,1473085,1.36,25.7,0.017376072726981162,4.25,2104.5898,9090.5035
2017-12-01,0.009831630482604048,224483,433282,1309,95.9,40.8,477642,1.37,2.2,2.4,2.74,101.3696,14111.5,1482650,1.35,24.2,0.01770166453265043,4.5,2107.2073,9116.1054
2018-01-01,0.05617870444413309,225679,432148,1352,95.7,40.7,469659,1.44,2.52,2.72,2.95,101.3561,14211.4,1465400,1.37,24.3,0.018385655595347883,4.5,2105.2277,9140.1612
2018-02-01,-0.03894737206189691,226903,434106,1332,99.7,41,474929,1.63,2.65,2.87,3.13,101.6495,14250.1,1469823,1.37,23.1,0.01820731639295947,4.5,2116.5178,9177.2608
2018-03-01,-0.026884498624825115,228120,433232,1407,101.4,40.9,483526,1.7,2.56,2.74,2.97,102.298,14298.3,1467346,1.37,23.9,0.02065799540933444,4.75,2113.3111,9185.1126
2018-04-01,0.002718775131643536,229344,435610,1391,98.8,41.1,484494,1.84,2.79,2.95,3.11,103.4095,14329.5,1467032,1.36,22.7,0.021398973836410873,4.75,2169.3335,9283.4414
2018-05-01,0.021608341965291933,230570,439996,1331,98,40.9,489859,1.89,2.68,2.83,3,102.5408,14373.2,1475638,1.34,20.9,0.022753847989499976,4.75,2177.2942,9297.378
2018-06-01,0.004842436024186547,231735,438191,1320,98.2,40.9,491414,1.89,2.73,2.85,2.98,103.3045,14416.2,1473756,1.35,20.7,0.02265378595886336,5,2193.9923,9350.4
2018-07-01,0.03602155622136727,232874,440703,1328,97.9,41,483690,1.99,2.85,2.96,3.08,103.5474,14467,1475209,1.35,22.9,0.02326725797170459,5,2199.7292,9372.2807
2018-08-01,0.030263211466054596,233911,439278,1264,96.2,41,499107,2.07,2.74,2.86,3.02,104.1659,14509.6,1482301,1.36,22.4,0.0217514403944008,5,2211.55,9392.4772
2018-09-01,0.004294287102661443,234894,438985,1289,100.1,40.9,496571,2.15,2.94,3.05,3.19,104.1315,14498.8,1481916,1.36,24,0.022518709554926186,5.25,2222.8333,9426.6883
2018-10-01,-0.06940335602442949,235811,444038,1275,98.6,40.8,490790,2.29,2.98,3.15,3.39,103.9874,14527.7,1478780,1.36,23,0.02157964074690555,5.25,2252.8609,9484.3248
2018-11-01,0.01785935678884898,236698,445242,1318,97.5,40.8,473094,2.32,2.84,3.01,3.3,103.9127,14550.4,1477080,1.38,22.2,0.02221688152047152,5.25,2277.5627,9513.1728
2018-12-01,-0.09177689459656391,237565,434803,1338,98.3,40.9,481244,2.4,2.51,2.69,3.02,103.867,14719.3,1476549,1.4,22.2,0.021978108388639228,5.5,2316.5805,9593.5307
2019-01-01,0.07868440165503676,238401,440751,1295,91.2,40.8,490759,2.36,2.43,2.63,2.99,103.3023,14714.3,1484508,1.42,20.6,0.021413561661021152,5.5,2317.096,9627.3624
2019-02-01,0.029728889126352298,239120,439996,1304,93.8,40.7,483586,2.4,2.52,2.73,3.09,102.728,14742.1,1483800,1.42,21.9,0.020804639078444875,5.5,2328.1854,9676.4512
2019-03-01,0.017924256211817147,239710,447167,1316,98.4,40.7,494863,2.35,2.23,2.41,2.81,102.8635,14732.5,1483449,1.41,22.1,0.020513180909545348,5.5,2321.6961,9675.6779
2019-04-01,0.039313498395682656,240259,448709,1337,97.2,40.6,492222,2.38,2.28,2.51,2.93,102.2543,14678,1469179,1.42,22.7,0.0208688129133332,5.5,2324.9802,9721.4187
2019-05-01,-0.06577773118928687,240974,449552,1337,100,40.6,478025,2.3,1.93,2.14,2.58,102.4519,14673.5,1473415,1.42,23.8,0.02010491889979038,5.5,2328.4564,9765.5882
2019-06-01,0.06893016392561213,241764,450927,1276,98.2,40.7,480142,2.08,1.76,2,2.52,102.384,14686.4,1485563,1.42,21.5,0.021347917451611798,5.5,2343.7488,9818.5821
2019-07-01,0.013128152149977756,242607,454012,1369,98.4,40.4,486699,2.04,1.84,2.02,2.53,102.0568,14703.7,1485053,1.43,19.5,0.02188498650367654,5.5,2347.8195,9846.8266
2019-08-01,-0.01809162728132674,243355,456500,1479,89.8,40.5,481697,1.95,1.39,1.5,1.96,102.6882,14777.8,1493174,1.43,21.9,0.023667974018323434,5.25,2366.7677,9873.5028
2019-09-01,0.017181177829208583,244147,452849,1439,93.2,40.5,481257,1.84,1.55,1.68,2.12,102.3143,14807.9,1491257,1.43,22.3,0.02353145973965698,5,2375.1478,9922.7889
2019-10-01,0.020431770730503063,244953,455486,1509,95.5,40.3,486286,1.51,1.51,1.69,2.17,101.4645,14821.4,1482087,1.43,22.4,0.023251234570284662,4.75,2365.785,9956.3683
2019-11-01,0.034047037421886195,245744,457658,1509,96.8,40.5,470340,1.56,1.62,1.78,2.21,101.9876,14885.9,1488074,1.43,20.3,0.02314852286523683,4.75,2369.5648,10001.0226
2019-12-01,0.028589818964716907,246555,458055,1453,99.3,40.4,478052,1.52,1.69,1.92,2.39,101.6179,14844.1,1485052,1.43,21,0.022344133510814324,4.75,2357.2802,10024.1273
2020-01-01,-0.0016280925822201864,247412,460586,1550,99.8,40.4,464438,1.52,1.32,1.51,1.99,101.0918,14976.5,1486517,1.42,22,0.022584384379773947,4.75,2349.9187,10038.0805
2020-02-01,-0.08411048367946572,248346,459610,1478,101,40.6,462877,1.25,0.89,1.13,1.65,101.32470000000001,15068.8,1491663,1.42,20.8,0.02375759434233493,4.75,2350.0084,10076.5283
2020-03-01,-0.1251192824598233,249140,434281,1382,89.1,40.4,402748,0.11,0.37,0.7,1.35,97.4477,14844,1432305,1.5,16.9,0.021172077648805132,3.25,2694.5896,10597.1579
2020-04-01,0.12684403825663826,250271,379892,1094,71.8,38,361862,0.09,0.36,0.64,1.28,84.2018,17170.7,1267304,1.73,7.2,0.014555768481970377,3.25,3009.3739,10846.2351
2020-05-01,0.04528181967606559,251295,444631,1246,72.3,38.7,380125,0.14,0.3,0.65,1.41,85.8434,16333,1368553,1.55,10.5,0.01252282508834579,3.25,3016.7486,10805.2597
2020-06-01,0.018388396357494674,253570,475723,1296,78.1,39.1,413666,0.16,0.29,0.66,1.41,91.1622,16057.3,1473373,1.41,14.2,0.01195307003365742,3.25,2907.4625,10653.5987
2020-07-01,0.055101321441235696,255872,481303,1542,72.5,39.7,438265,0.09,0.21,0.55,1.2,94.8887,16151.9,1512209,1.36,16.8,0.015412291121898125,3.25,2848.7613,10580.4357
2020-08-01,0.07006466708724646,257804,483422,1522,74.1,40,444422,0.11,0.28,0.72,1.49,95.8924,15553.9,1515433,1.35,19.8,0.017138963030268517,3.25,2809.9443,10538.6032
2020-09-01,-0.03922797028993141,258021,493411,1589,80.4,40.2,449061,0.1,0.28,0.69,1.46,95.6019,15643.4,1524622,1.35,21.3,0.01724945953709156,3.25,2724.0655,10474.2344
2020-10-01,-0.02766578620279514,260504,492938,1595,81.8,40.5,453094,0.09,0.38,0.88,1.65,96.6454,15568.4,1539562,1.35,22,0.016274304861160882,3.25,2683.5106,10403.9494
2020-11-01,0.10754563548003038,263427,487017,1696,76.9,40.3,460424,0.08,0.36,0.84,1.58,97.1609,15366.5,1536717,1.35,23.5,0.01640542301882375,3.25,2632.9557,10349.2325
2020-12-01,0.03712145894064567,266596,485541,1758,80.7,40.1,468324,0.09,0.36,0.93,1.65,98.2854,15393.8,1530635,1.35,23.7,0.015962851186489102,3.25,2594.9344,10345.6526
2021-01-01,-0.011136660723231162,270529,518517,1883,79,40.5,479160,0.06,0.45,1.11,1.87,99.4076,16988.6,1579345,1.3,26.1,0.013872936513298573,3.25,2563.9031,10332.7008
2021-02-01,0.02609145134964752,274388,504458,1726,76.8,40.4,481195,0.04,0.75,1.44,2.17,96.3966,15548.2,1531244,1.33,27.8,0.012876147115316039,3.25,2597.2185,10375.7024
2021-03-01,0.04243863273788384,278309,559871,1755,84.9,40.5,488073,0.03,0.92,1.74,2.41,99.1618,19119.5,1591781,1.26,29.4,0.016600728319021707,3.25,2558.0363,10343.212
2021-04-01,0.05242532126726629,282346,562269,1733,88.3,40.4,487409,0.01,0.86,1.65,2.3,99.2416,16146.9,1585058,1.25,28.5,0.029717313025122927,3.25,2552.3134,10357.258
2021-05-01,0.005486488573281045,287579,550781,1683,82.9,40.4,498587,0.01,0.79,1.58,2.26,99.9226,15669.5,1551428,1.26,29.4,0.03806013418371568,3.25,2535.5328,10377.1457
2021-06-01,0.022214009634219822,293121,554388,1594,85.5,40.3,506128,0.05,0.87,1.45,2.06,100.4704,15603.3,1559335,1.25,31.6,0.04447400859865902,3.25,2456.9088,10362.3837
2021-07-01,0.022748054915648686,298933,543191,1630,81.2,40.5,509490,0.06,0.69,1.24,1.89,101.1676,15729.1,1558848,1.25,29.4,0.042018000239205655,3.25,2453.9776,10407.6008
2021-08-01,0.02899041621741527,304661,550293,1721,70.3,40.4,514637,0.04,0.77,1.3,1.92,101.0927,15712.4,1556107,1.26,29.4,0.03961855416843463,3.25,2423.0844,10433.5333
2021-09-01,-0.04756916886178675,309294,554233,1586,72.8,40.4,517066,0.04,0.98,1.52,2.08,99.844,15458.1,1563118,1.26,28.3,0.040367524670074983,3.25,2415.55,10468.5184
2021-10-01,0.0691438364596475,313399,565388,1653,71.7,40.3,523433,0.05,1.18,1.55,1.93,101.2341,15432.6,1570165,1.24,26.9,0.04593958385932595,3.25,2417.8331,10517.5401
2021-11-01,-0.008333706225119974,317293,569560,1717,67.4,40.3,533104,0.05,1.14,1.43,1.78,102.1319,15402.5,1565491,1.25,29.1,0.0495263438787914,3.25,2438.6538,10598.1713
