Date,SP500Returns,HouseValue,RetailSales,BuildingPermits,ConsumerSentiment,AvgWeeklyHoursMan,NewOrdersMan,ThreemonthsIR,FiveyearsIR,TenyearsIR,ThirtyyearsIR,IndProdInd,DispPersIncome,ManTradeSales,TotalInvToSales,AvgDurUnem,YOYCoreCPI,PrimeLendRate,CommNndLoansAllBanks,OutstandingLoans,SP500Returns_pct_change,HouseValue_pct_change,RetailSales_pct_change,BuildingPermits_pct_change,ConsumerSentiment_pct_change,AvgWeeklyHoursMan_pct_change,NewOrdersMan_pct_change,ThreemonthsIR_pct_change,FiveyearsIR_pct_change,TenyearsIR_pct_change,ThirtyyearsIR_pct_change,IndProdInd_pct_change,DispPersIncome_pct_change,ManTradeSales_pct_change,TotalInvToSales_pct_change,AvgDurUnem_pct_change,YOYCoreCPI_pct_change,PrimeLendRate_pct_change,CommNndLoansAllBanks_pct_change,OutstandingLoans_pct_change
2006-03-01,0.011095810459249567,209368,320869,2118,88.9,39.8,430457,4.52,4.82,4.86,4.9,98.5915,11195.7,1285689,1.26,17.1,0.020989505247376306,7.75,1072.8866,5364.8572,NA,NA,NA,NA,NA,NA,NA,NA,NA,NA,NA,NA,NA,NA,NA,NA,NA,NA,NA,NA
2006-04-01,0.012155652737941391,210541,322561,1998,87.4,39.8,418625,4.65,4.92,5.07,5.17,98.9042,11190.3,1273540,1.27,16.7,0.022977022977023198,7.75,1090.6462,5419.0718,9.551733806054074,0.5602575369684004,0.5273180020506807,-5.6657223796034,-1.687289088863897,0,-2.7487066071640087,2.8761061946902755,2.0746887966804906,4.320987654320985,5.5102040816326525,0.31716730144080163,-0.04823280366570426,-0.94494080605807,0.7936507936507908,-2.3391812865497186,9.46910232624627,0,1.6553100765728468,1.0105506629328298
2006-05-01,-0.030916916141150885,211621,321794,1905,79.1,40,423472,4.74,5.04,5.12,5.21,98.8999,11182.7,1284007,1.27,17.1,0.0244389027431422,8,1105.7727,5479.8736,-354.3418836295811,0.5129642207456042,-0.23778448107489858,-4.654654654654655,-9.496567505720833,0.5025125628140836,1.157838160644964,1.9354838709677358,2.4390243902439046,0.9861932938856066,0.7736943907156624,-0.0043476414550602804,-0.06791596293217461,0.8218823122948526,0,2.3952095808383422,6.362354982109153,3.2258064516129004,1.3869300603623902,1.121996575133033
2006-06-01,8.659622778250942e-5,212517,323184,1867,84.9,40.1,427440,4.87,5.1,5.15,5.19,99.209,11198.2,1280472,1.28,16.6,0.026420737786640114,8.25,1119.7251,5511.1273,-100.28009335532417,0.4233984339928387,0.43195336146726326,-1.9947506561679762,7.332490518331247,0.24999999999999467,0.9370159066006689,2.742616033755274,1.1904761904761862,0.5859375,-0.38387715930900956,0.3125382331023552,0.1386069553864555,-0.27531002556839823,0.7874015748031482,-2.923976608187129,8.10934543308839,3.125,1.2617783021773077,0.5703361478994751
2006-07-01,0.005085878797990828,213214,324204,1763,84.7,40,416849,4.97,4.91,4.99,5.07,99.1473,11196.3,1274914,1.29,17.1,0.026879044300647026,8.25,1130.412,5551.7303,5773.095085347431,0.32797376209903195,0.3156096836476996,-5.570433851098022,-0.2355712603062443,-0.24937655860349794,-2.4777746584315974,2.053388090349073,-3.725490196078418,-3.106796116504862,-2.3121387283236983,-0.06219193823141511,-0.016967012555602068,-0.4340586908577415,0.78125,3.0120481927710774,1.7346469190525848,0,0.9544217594121829,0.7367458196801291
2006-08-01,0.02127419303234812,213738,325324,1722,82,39.9,418759,4.92,4.7,4.74,4.88,99.5815,11189.6,1282063,1.28,17.1,0.028344107409249197,8.25,1152.0943,5590.8615,318.2992532333344,0.2457624733835484,0.34546149954965966,-2.3255813953488413,-3.1877213695395534,-0.2500000000000058,0.45819949190233356,-1.0060362173038184,-4.276985743380857,-5.010020040080166,-3.747534516765294,0.4379342654817764,-0.05984119753846828,0.5607437050656028,-0.7751937984496138,0,5.450577379966237,0,1.918088272240559,0.7048469195270579
2006-09-01,0.024566298512509466,214056,323236,1655,85.4,39.9,435776,4.77,4.59,4.64,4.77,99.4133,11252.3,1281830,1.31,17.1,0.02930948832588176,8.25,1146.2849,5612.5652,15.474643269221012,0.14878028240181695,-0.6418216916059039,-3.890824622531941,4.146341463414638,0,4.0636738553678775,-3.0487804878048808,-2.3404255319149025,-2.1097046413502185,-2.254098360655743,-0.16890687527301163,0.5603417459069115,-0.018173833891155233,2.34375,0,3.4059316199089196,0,-0.5042469179823095,0.38819956459303917
2006-10-01,0.031508002961554205,214284,322678,1570,93.6,40,415798,4.95,4.57,4.61,4.72,99.2931,11306,1282760,1.32,16.3,0.027722772277227747,8.25,1165.5642,5749.117,28.25702230032716,0.1065141832043981,-0.17262928634186325,-5.135951661631422,9.601873536299754,0.25062656641603454,-4.584465413423411,3.7735849056603987,-0.43572984749454813,-0.6465517241379226,-1.0482180293501009,-0.12090937530492285,0.4772357651324777,0.07255252256539446,0.7633587786259444,-4.678362573099415,-5.4136600100687,0,1.6818942655530078,2.43296594576754
2006-11-01,0.016466656727820217,214427,323343,1535,92.1,39.9,426451,4.9,4.45,4.46,4.56,99.2376,11353.1,1283503,1.31,16.2,0.026172839506172885,8.25,1170.3933,5809.6855,-47.73817703421987,0.06673386720426056,0.20608780270114924,-2.2292993630573243,-1.602564102564108,-0.2500000000000058,2.5620613855766416,-1.0101010101010055,-2.6258205689277947,-3.2537960954446943,-3.3898305084745783,-0.0558951226218074,0.4165929594905471,0.05792198072904764,-0.7575757575757569,-0.613496932515345,-5.590828924162183,0,0.41431437238719226,1.0535270024944587
2006-12-01,0.012615782852659851,214509,326849,1638,91.7,39.9,437894,4.89,4.7,4.71,4.81,100.2526,11406.8,1304033,1.28,16.1,0.026134122287968298,8.25,1181.5668,5881.7234,-23.38588785089787,0.03824145280211244,1.084297479766061,6.710097719869701,-0.43431053203039083,0,2.683309454075622,-0.20408163265307477,5.617977528089879,5.605381165919288,5.482456140350878,1.0227978105073143,0.4729985642687895,1.5995287895704147,-2.2900763358778664,-0.6172839506172756,-0.1479289940835682,0,0.9546790809551009,1.2399621287589646
2007-01-01,0.014059042735039773,214575,327181,1626,96.9,40,427905,4.99,4.82,4.83,4.93,99.86,11403.7,1296080,1.31,16.3,0.026574803149606252,8.25,1193.7869,5899.1507,11.440113540600706,0.030767939806719546,0.10157595709334721,-0.73260073260073,5.670665212649939,0.25062656641603454,-2.281145665389339,2.0449897750511425,2.553191489361706,2.547770700636942,2.494802494802495,-0.39161079114158337,-0.027176771750170303,-0.6098772040278089,2.34375,1.2422360248447228,1.686227900758075,0,1.034228449885366,0.29629581017021067
2007-02-01,-0.02184617603352823,214591,327953,1598,91.3,39.8,430410,5.01,4.52,4.56,4.68,100.8096,11439.6,1303857,1.3,16.7,0.0271856581532417,8.25,1213.7245,5932.3725,-255.38878745336163,0.007456600256317003,0.2359550218380635,-1.7220172201722006,-5.779153766769873,-0.5000000000000115,0.5854103130367827,0.4008016032064132,-6.224066390041505,-5.590062111801252,-5.070993914807298,0.9509313038253531,0.31481010549208044,0.6000401209801831,-0.7633587786259555,2.4539877300613355,2.298624754420797,0,1.6701138201466348,0.5631624226857035
2007-03-01,0.009979982896830553,214552,330579,1596,88.4,40,442158,4.9,4.54,4.65,4.84,101.0257,11475,1305493,1.28,17.8,0.025051395007342103,8.25,1219.0115,5871.9184,-145.68297390588566,-0.018174107954205265,0.8007244940585911,-0.12515644555695093,-3.176341730558585,0.5025125628140836,2.7294904858158553,-2.195608782435121,0.4424778761062065,1.9736842105263275,3.418803418803429,0.21436450496776782,0.309451379418868,0.125473882488647,-1.538461538461544,6.586826347305408,-7.850695149144659,0,0.43560132468283275,-1.0190543496720883
2007-04-01,0.04329069060242419,214420,329560,1470,87.1,40,446596,4.79,4.51,4.63,4.81,101.7497,11490.1,1303242,1.28,16.9,0.024155273437499902,8.25,1228.6311,5941.7633,333.7751983139416,-0.061523546739250534,-0.30824704533560787,-7.8947368421052655,-1.4705882352941346,0,1.0037136046390671,-2.244897959183678,-0.6607929515418554,-0.43010752688172893,-0.6198347107438051,0.7166493278442987,0.13159041394334992,-0.17242528301568694,0,-5.056179775280912,-3.577132409510786,0,0.7891311935941614,1.1894732733343183
2007-05-01,0.03254922870993493,214106,334202,1493,88.3,40,445891,4.6,4.86,4.9,5.01,101.8148,11495.5,1311962,1.28,16.6,0.022677702044790582,8.25,1246.5951,5991.4153,-24.812405953828232,-0.14644156328700308,1.4085447263017414,1.56462585034014,1.3777267508610747,0,-0.15786079588711033,-3.9665970772442716,7.760532150776056,5.831533477321815,4.158004158004158,0.06398053262073322,0.0469969800088732,0.6691005968193275,0,-1.7751479289940697,-6.116972331248638,0,1.462115031924549,0.8356441933659697
2007-06-01,-0.017816322202167556,213646,331076,1407,85.3,40.1,446539,4.68,4.92,5.03,5.12,101.8424,11488.4,1310470,1.28,16.5,0.02181641573579407,8.25,1265.0698,6044.031,-154.73654187304757,-0.21484685155950256,-0.9353624454671139,-5.760214333556601,-3.3975084937712396,0.24999999999999467,0.14532699695666285,1.7391304347826209,1.2345679012345512,2.6530612244897833,2.1956087824351433,0.02710804323142746,-0.06176329868209374,-0.11372280599590834,0,-0.6024096385542244,-3.7979434922259303,0,1.4820128845364433,0.878184825545314
2007-07-01,-0.03198187831680255,213028,332342,1361,90.4,40.1,450464,4.82,4.6,4.78,4.92,101.7209,11500.4,1302662,1.29,17.2,0.021682016480853106,8.25,1284.72,6095.7116,79.50886806992968,-0.28926354811229515,0.38238954197826747,-3.269367448471927,5.978898007034017,0,0.8789825748702906,2.991452991453003,-6.504065040650408,-4.970178926441349,-3.90625,-0.11930198031467887,0.10445318756311384,-0.5958167680297888,0.78125,4.2424242424242475,-0.6160464512988573,0,1.553289786856027,0.8550684137788034
2007-08-01,0.012863571531556817,212434,334169,1321,83.4,40.1,452598,3.91,4.25,4.54,4.83,101.9639,11506.2,1319012,1.28,17,0.020884912959380886,8.25,1321.029,6212.6112,-140.22143854133355,-0.2788365848620855,0.5497349116271755,-2.9390154298310045,-7.743362831858402,0,0.4737337500887895,-18.87966804979253,-7.608695652173902,-5.020920502092052,-1.8292682926829285,0.23888895988926073,0.050433028416407844,1.25512220361077,-0.7751937984496138,-1.1627906976744096,-3.6763348195778978,0,2.8262189426489837,1.9177350844485685
2007-09-01,0.03579400834329949,211727,335442,1261,83.4,40.1,448633,3.72,4.23,4.59,4.83,102.2023,11527.1,1319652,1.28,16.3,0.02101351351351366,7.75,1359.6511,6293.127,178.25871108571906,-0.3328092489902734,0.38094497095781943,-4.542013626040875,0,0,-0.8760533630285616,-4.859335038363167,-0.47058823529411153,1.1013215859030812,0,0.23380823997511957,0.18164120213450818,0.04852116584230792,0,-4.117647058823525,0.6157581522263866,-6.060606060606055,2.923637558297365,1.2960057761219668
2007-10-01,0.01482233830031121,210935,337530,1192,80.9,39.9,458907,3.84,4.16,4.48,4.74,101.8873,11523.6,1326662,1.27,17,0.021565510597302495,7.5,1376.7363,6384.9832,-58.58988979901185,-0.3740666046371022,0.6224623034682519,-5.47184773988898,-2.9976019184652314,-0.4987531172069848,2.2900678282694376,3.2258064516129004,-1.654846335697402,-2.3965141612200314,-1.8633540372670732,-0.3082122417988664,-0.03036323099478988,0.5312006498682909,-0.78125,4.294478527607359,2.6268671511494146,-3.2258064516129004,1.2565870759049913,1.459627304518074
2007-11-01,-0.04404341722481442,209957,341133,1224,76.1,40.1,464910,3.08,3.41,3.97,4.4,102.4717,11512.3,1323441,1.26,17.3,0.023387872954764077,7.5,1405.5671,6431.1029,-397.1421669945941,-0.46364993955484435,1.0674606701626566,2.684563758389258,-5.933250927070466,0.5012531328320913,1.308108178781331,-19.791666666666664,-18.028846153846157,-11.38392857142858,-7.1729957805907185,0.5735749205249441,-0.09805963414212249,-0.2427897987580807,-0.7874015748031482,1.764705882352935,8.450355716082747,0,2.0941410493788837,0.7223151346741341
2007-12-01,-0.008628509033968612,208928,336189,1149,75.5,40.1,481274,3.29,3.45,4.04,4.45,102.4621,11552.1,1312662,1.28,16.6,0.024353676117251366,7.25,1423.8891,6490.2149,-80.40908363234985,-0.4901003538819837,-1.4492881075709452,-6.127450980392157,-0.7884362680683266,0,3.51982104063151,6.818181818181812,1.1730205278592365,1.76322418136019,1.1363636363636243,-0.009368440262036426,0.34571718944087504,-0.8144677397783462,1.5873015873015817,-4.046242774566466,4.129504056890121,-3.3333333333333326,1.3035307955059583,0.9191580498579821
2008-01-01,-0.06116343193593643,207727,337412,1094,78.4,40,478676,1.92,2.82,3.67,4.35,102.3148,11553.4,1319262,1.27,17.5,0.024789069990412305,6,1446.1959,6543.0423,608.8528469420262,-0.5748391790473262,0.36378346703789255,-4.786771105308962,3.841059602649022,-0.24937655860349794,-0.5398172350885355,-41.64133738601824,-18.260869565217398,-9.158415841584155,-2.2471910112359716,-0.1437604733847908,0.011253365189012321,0.5027950835782447,-0.78125,5.421686746987953,1.787795284230298,-17.24137931034483,1.5666107704595644,0.8139545579607832
2008-02-01,-0.03476119277262446,206296,334584,1014,70.8,40,473714,1.81,2.5,3.53,4.41,101.9384,11547.6,1306654,1.28,16.9,0.022970808329547898,6,1454.2847,6586.2372,-43.16670652321489,-0.6888849307023159,-0.8381444643344005,-7.3126142595978045,-9.693877551020414,0,-1.036609314024517,-5.7291666666666625,-11.347517730496449,-3.8147138964577665,1.379310344827589,-0.36788421616423816,-0.05020167223500627,-0.9556858304112459,0.7874015748031482,-3.4285714285714364,-7.334932942493033,0,0.5593156501135121,0.6601653790317075
2008-03-01,-0.005959623614529841,204677,335193,967,69.5,40.2,473829,1.36,2.46,3.45,4.3,101.5904,11545.3,1289336,1.28,16.5,0.02388524386633417,5.25,1478.1344,6625.3624,-82.8555261221553,-0.7847946639779724,0.1820170719460501,-4.635108481262328,-1.8361581920903869,0.5000000000000115,0.024276251071331245,-24.861878453038667,-1.6000000000000014,-2.2662889518413443,-2.4943310657596474,-0.3413826389270347,-0.019917558626914023,-1.3253699908315486,0,-2.3668639053254337,3.980859200370479,-12.5,1.639960868734991,0.5940448060388848
2008-04-01,0.047546697913198877,202927,334843,1008,62.6,40,477888,1.41,3.03,3.77,4.49,100.9098,11500.7,1302474,1.27,16.9,0.02294669292051843,5,1488.6864,6645.0662,-897.8137712804179,-0.8550056918950388,-0.10441745501845734,4.239917269906934,-9.928057553956837,-0.4975124378109541,0.856638154270839,3.676470588235281,23.17073170731707,9.275362318840585,4.418604651162794,-0.6699451916716503,-0.3863043836019764,1.018974107602677,-0.78125,2.4242424242424176,-3.9294174724278763,-4.761904761904767,0.7138728386268722,0.2973995807384
2008-05-01,0.010674181657577053,201220,337947,995,59.8,40,477706,1.85,3.41,4.06,4.72,100.3073,12060.9,1293471,1.26,16.6,0.023222157689781087,5,1492.3804,6613.6331,-77.5501094165071,-0.8411891961148554,0.9270016097096212,-1.289682539682535,-4.472843450479235,0,-0.03808423731083144,31.20567375886527,12.54125412541256,7.692307692307687,5.122494432071267,-0.5970678764599779,4.871007851695963,-0.6912230109775708,-0.7874015748031482,-1.7751479289940697,1.2004552037925276,0,0.24813822441045463,-0.47302914755010805
2008-06-01,-0.08596238490280361,199495,338311,1180,56.4,40.1,485010,1.87,3.34,3.99,4.53,100.0853,11755.3,1291741,1.25,17.1,0.023917259211376996,5,1504.7168,6605.3681,-905.3299790132702,-0.8572706490408533,0.10770919700426873,18.592964824120607,-5.685618729096986,0.24999999999999467,1.5289738877049874,1.0810810810810922,-2.052785923753675,-1.724137931034464,-4.025423728813548,-0.22131988399647362,-2.533807593131532,-0.1337486499504048,-0.7936507936507908,3.0120481927710774,2.99326845886414,0,0.8266257048135994,-0.12496913383357455
2008-07-01,-0.009859371093750013,197782,336771,921,61.2,39.8,477725,1.65,3.25,3.99,4.59,99.6124,11574,1269465,1.26,17,0.02463313612274831,5,1515.5635,6624.1941,-88.5305984647845,-0.858668137046037,-0.45520246164032496,-21.949152542372886,8.510638297872353,-0.7481296758104827,-1.5020308859611142,-11.764705882352954,-2.6946107784431073,0,1.3245033112582627,-0.47249696009304953,-1.5422830553027067,-1.724494306521196,0.8000000000000007,-0.5847953216374324,2.9931394105173537,0,0.7208466071489283,0.28501061129355687
2008-08-01,0.012190464532380041,195932,334045,858,63,39.9,463929,1.69,3.1,3.83,4.43,98.0601,11506.9,1260142,1.29,17.7,0.024981171756213394,5,1513.3577,6644.2877,-223.64342934721,-0.935373289783703,-0.8094521202835159,-6.84039087947883,2.941176470588225,0.2512562814070307,-2.887853890836778,2.4242424242424176,-4.61538461538461,-4.010025062656641,-3.4858387799564294,-1.5583401263296381,-0.5797477103853477,-0.7344038630446637,2.3809523809523725,4.117647058823515,1.4128758584810441,0,-0.14554322534159336,0.3033365220985962
2008-09-01,-0.09079143377908461,194160,328343,797,70.3,39.6,452545,0.9,2.98,3.85,4.31,93.8451,11531.5,1229147,1.31,18.6,0.024386208722122937,5,1542.989,6734.3099,-844.7741924676162,-0.9043954024865797,-1.7069556496879135,-7.109557109557107,11.58730158730159,-0.7518796992481147,-2.45382375320361,-46.74556213017751,-3.8709677419354827,0.5221932114882533,-2.708803611738153,-4.298384358164031,0.2137847726146891,-2.4596434370094844,1.5503875968992276,5.084745762711873,-2.3816458246898486,0,1.9579838923738935,1.3548811259331828
2008-10-01,-0.1694245237674199,192376,314830,736,57.6,39.6,419715,0.44,2.8,4.01,4.35,94.7036,11616.7,1217693,1.36,19.9,0.022213629955157854,4,1586.6953,7008.7259,86.60849015741591,-0.9188298310671583,-4.11551335036836,-7.65370138017566,-18.065433854907532,0,-7.254527174093184,-51.11111111111111,-6.040268456375841,4.155844155844157,0.9280742459396807,0.9148053547814339,0.7388457702814044,-0.9318657573097466,3.8167938931297662,6.989247311827951,-8.90904687859142,-19.999999999999996,2.8325736606028995,4.074894147654251
2008-11-01,-0.07484904258064518,190540,301332,626,55.3,39.4,386733,0.01,1.93,2.93,3.45,93.4737,11713.8,1184469,1.45,18.9,0.02015893915169764,4,1576.4832,6969.6847,-55.82160072446458,-0.9543810038674216,-4.287393196328182,-14.945652173913048,-3.993055555555558,-0.5050505050505083,-7.8581894857224555,-97.72727272727273,-31.071428571428573,-26.932668329177044,-20.68965517241378,-1.2986834713780704,0.8358656072722681,-2.728438120281551,6.617647058823528,-5.025125628140703,-9.249685024950761,0,-0.6436081332061749,-0.5570370500578514
2008-12-01,0.007821576897053983,188637,294025,554,60.1,39,365490,0.11,1.55,2.25,2.69,90.825,11655.4,1178034,1.47,19.9,0.017624596562335837,3.25,1537.8172,6889.8008,-110.44980219837377,-0.9987404219586438,-2.4249001101774748,-11.501597444089462,8.679927667269439,-1.015228426395931,-5.492936987534036,1000,-19.689119170984448,-23.208191126279864,-22.02898550724638,-2.8336312781028106,-0.4985572572521302,-0.5432814197754432,1.379310344827589,5.291005291005302,-12.571805342982945,-18.75,-2.4526744084554797,-1.146162322091837
2009-01-01,-0.0856573429283144,186788,298673,545,61.2,38.9,343559,0.24,1.85,2.87,3.58,88.583,11718,1153058,1.48,19.8,0.016723503187990874,3.25,1545.2537,6908.0541,-1195.1416070661844,-0.9801894644210885,1.580817957656655,-1.6245487364620947,1.830282861896837,-0.2564102564102555,-6.000437768475198,118.18181818181816,19.354838709677423,27.555555555555557,33.085501858736066,-2.468483347096073,0.5370901041577225,-2.1201425425751763,0.6802721088435382,-0.5025125628140614,-5.11270355130069,0,0.4835750308944453,0.2649321878797961
2009-02-01,-0.10993119757149228,185237,297631,558,56.3,39,343150,0.26,1.99,3.02,3.71,88.0069,11598.7,1160215,1.45,20.2,0.01800980653363804,3.25,1526.9988,6903.8344,28.338323152858447,-0.8303531276099063,-0.34887653052000367,2.3853211009174258,-8.006535947712424,0.25706940874037354,-0.11904796556050368,8.333333333333348,7.567567567567557,5.226480836236935,3.631284916201105,-0.6503505187225533,-1.0180918245434323,0.620697310976559,-2.0270270270270285,2.020202020202011,7.691590279785743,0,-1.1813529390028221,-0.061083771767223016
2009-03-01,0.08540446162249471,183743,292300,513,57.3,38.5,333431,0.21,1.67,2.71,3.56,86.6045,11593.4,1136275,1.47,20.9,0.017876130957932945,3.25,1507.9161,6835.6365,-177.68901231786643,-0.8065343316939866,-1.7911440676542378,-8.064516129032262,1.7761989342806483,-1.2820512820512775,-2.8322890864053596,-19.23076923076924,-16.080402010050253,-10.264900662251652,-4.043126684636111,-1.5935114178547316,-0.04569477613871609,-2.0634106609550784,1.379310344827589,3.4653465346534684,-0.7422377106351519,0,-1.249686640225267,-0.9878264171574003
2009-04-01,0.0939250798621647,182289,293614,521,65.1,38.7,334449,0.14,2.02,3.16,4.05,85.9406,11660.2,1127427,1.45,21.7,0.0193232662192393,3.25,1488.9152,6885.0638,9.976783504979947,-0.7913226626320435,0.44953814574066886,1.5594541910331383,13.612565445026181,0.5194805194805197,0.3053105440105952,-33.33333333333333,20.958083832335326,16.605166051660515,13.76404494382022,-0.7665883412524721,0.5761899011506699,-0.7786847374095185,-1.3605442176870763,3.8277511961722466,8.09534940593033,0,-1.2600767376911737,0.7230826273456836
2009-05-01,0.05308144625538547,180864,296501,556,68.7,38.6,339817,0.14,2.34,3.47,4.34,85.0635,11826.7,1127913,1.43,22.4,0.018461309413034588,3.25,1465.7173,6850.6255,-43.485332849029646,-0.7817257212448414,0.9832637408297984,6.717850287907878,5.529953917050712,-0.25839793281654533,1.6050279713798021,0,15.841584158415834,9.810126582278489,7.160493827160486,-1.0205886391298158,1.427934340748882,0.04310700382375021,-1.379310344827589,3.2258064516129004,-4.460720027479104,0,-1.5580403773163054,-0.5001885385579108
2009-06-01,1.9582653030303376e-4,179643,302169,601,70.8,38.7,345129,0.19,2.54,3.53,4.32,84.7841,11610.9,1126129,1.38,23.9,0.017119726678550107,3.25,1436.0081,6766.1848,-99.63108290350479,-0.6750928874734607,1.9116293031052223,8.093525179856108,3.056768558951961,0.2590673575129543,1.5631943075243404,35.7142857142857,8.547008547008561,1.7291066282420609,-0.4608294930875445,-0.3284605030359766,-1.824684823323508,-0.1581682275139995,-3.4965034965035002,6.696428571428581,-7.266996638587608,0,-2.0269393013236603,-1.2325983955771669
2009-07-01,0.07414172701671662,178698,302802,595,66,39,348909,0.18,2.53,3.52,4.31,85.7471,11560.4,1142764,1.36,25.1,0.015270992984974363,3.25,1386.1858,6691.399,37760.92053103594,-0.526043319249847,0.20948542041043794,-0.9983361064891838,-6.779661016949145,0.7751937984496138,1.0952426484010402,-5.263157894736848,-0.3937007874015852,-0.28328611898016387,-0.23148148148149916,1.1358261749549792,-0.4349361375948435,1.4771842302258475,-1.4492753623188248,5.020920502092063,-10.798850520739245,0,-3.469499928308206,-1.105287576537961
2009-08-01,0.033560189240494864,177910,309023,616,65.7,39.1,355776,0.15,2.39,3.4,4.18,86.7094,11538.6,1143418,1.32,25.3,0.014339650543224725,3.25,1357.2702,6612.98,-54.73508563817497,-0.4409674422769183,2.054477843607372,3.529411764705892,-0.4545454545454519,0.2564102564102555,1.9681349578256846,-16.666666666666664,-5.533596837944654,-3.409090909090917,-3.0162412993039456,1.1222536972095742,-0.18857478979965592,0.05722966421763953,-2.941176470588236,0.7968127490039834,-6.098768054349957,0,-2.085982990159041,-1.171937288450453
2009-09-01,0.035723345788458705,177234,301033,609,73.5,39.2,359189,0.14,2.31,3.31,4.03,87.4072,11573.1,1144772,1.32,26.6,0.014798373886199645,3.25,1322.8237,6512.1787,6.445602950753626,-0.37996739924680556,-2.5855680645129997,-1.1363636363636354,11.87214611872145,0.2557544757033181,0.959311476884328,-6.666666666666654,-3.347280334728031,-2.6470588235294024,-3.5885167464114742,0.8047570390292247,0.29899641204305105,0.11841688691274221,0,5.138339920948609,3.1989855093899733,0,-2.537925020382825,-1.52429464477436
2009-10-01,-0.019762000860415463,176707,304154,583,70.6,39.3,366143,0.05,2.31,3.41,4.23,87.6595,11538.1,1150407,1.31,27.5,0.017127331771131127,3.25,1303.9646,6453.4698,-155.3195688260534,-0.2973470101673481,1.0367634113203517,-4.269293924466333,-3.9455782312925236,0.25510204081631294,1.9360281077649866,-64.28571428571428,0,3.0211480362537735,4.962779156327546,0.2886489900145506,-0.3024254521260539,0.4922377556404234,-0.7575757575757569,3.383458646616533,15.737931091897694,0,-1.4256699513321314,-0.9015247078523858
2009-11-01,0.05736406198137356,176490,306675,623,67.4,39.6,369445,0.06,2.01,3.21,4.2,88.0061,11571,1159044,1.3,28.9,0.01714243571010421,3.25,1287.2206,6510.394,-390.27456473943084,-0.12280215271607275,0.8288564345693361,6.861063464837058,-4.5325779036827,0.7633587786259666,0.9018334366627245,19.999999999999996,-12.987012987013003,-5.865102639296193,-0.7092198581560294,0.3953935397760677,0.2851422677910609,0.7507777682159489,-0.7633587786259555,5.090909090909079,0.08818617619434921,0,-1.2840839390885206,0.8820712231426331
2009-12-01,0.01777057118840042,176392,308413,664,72.5,39.7,371392,0.06,2.69,3.85,4.63,88.2819,11630,1162939,1.28,29.7,0.018236717759594345,3.25,1256.7441,6430.5595,-69.02142112221651,-0.05552722533854748,0.5667237303334183,6.581059390048161,7.566765578635004,0.2525252525252597,0.5270067263056788,0,33.83084577114428,19.937694704049846,10.238095238095223,0.3133873674665555,0.5098954282257262,0.33605281594142333,-1.538461538461544,2.768166089965396,6.383468883859589,0,-2.3676205927717575,-1.2262621893544323
2010-01-01,-0.03697424615494738,176328,308299,636,74.4,39.9,393694,0.08,2.34,3.63,4.51,89.2744,11644.6,1159614,1.27,30.3,0.015123351706495702,3.25,1234.838,6365.5157,-308.06447785472415,-0.03628282461789478,-0.03696342242383022,-4.216867469879515,2.6206896551724146,0.5037783375314797,6.004975874547647,33.33333333333335,-13.011152416356886,-5.714285714285716,-2.591792656587477,1.1242395100241387,0.12553740326741725,-0.28591353458780056,-0.78125,2.020202020202033,-17.07196489050613,0,-1.7430835760438357,-1.0114796387468372
2010-02-01,0.0285136889405313,176130,308628,650,73.6,39.6,394215,0.13,2.3,3.61,4.55,89.5648,11655.6,1167271,1.28,29.8,0.013494526888039982,3.25,1219.7346,6304.0133,-177.11770192971466,-0.11229073091058028,0.1067145855160101,2.2012578616352307,-1.0752688172043112,-0.7518796992481147,0.13233628147748533,62.5,-1.7094017094017144,-0.5509641873278293,0.8869179600886845,0.32528922065004906,0.09446438692612968,0.6603059293868396,0.7874015748031482,-1.650165016501648,-10.770263431459547,0,-1.2231078084736557,-0.9661809490156492
2010-03-01,0.058796426031891835,175982,316003,687,73.6,40,400659,0.16,2.55,3.84,4.72,90.2296,11702.1,1182072,1.26,31.6,0.011592051426555505,3.25,1210.7171,6718.7956,106.20420652872657,-0.08402884233237318,2.38960820145937,5.692307692307685,0,1.0101010101010166,1.6346409953959196,23.076923076923084,10.869565217391308,6.371191135734078,3.736263736263745,0.7422558862410167,0.39894986101101093,1.268000318692053,-1.5625,6.040268456375841,-14.098126427615743,0,-0.7393001723489667,6.5796545828988195
2010-04-01,0.01475922988379108,175946,318707,637,72.2,40.2,400842,0.16,2.43,3.69,4.53,90.5689,11799.8,1192644,1.25,33.3,0.009675088932173947,3.25,1204.9515,6696.5397,-74.89774314550087,-0.020456637610666295,0.8556880789106325,-7.278020378457062,-1.90217391304347,0.5000000000000115,0.04567475084797934,0,-4.70588235294116,-3.90625,-4.025423728813548,0.3760406784469872,0.8348928824740698,0.8943617647656055,-0.7936507936507908,5.379746835443022,-16.536870169417195,0,-0.4762136423116625,-0.33124835647627693
2010-05-01,-0.08197584191033447,175867,315604,575,73.6,40.5,404370,0.16,2.1,3.31,4.22,91.824700000000007,11887.9,1188910,1.26,34,0.00940138142747493,3.25,1195.6673,6652.8046,-655.420862441896,-0.044900139815629014,-0.973621539533176,-9.733124018838302,1.9390581717451338,0.746268656716409,0.880147289954647,0,-13.580246913580252,-10.29810298102981,-6.843267108167783,1.386568678652389,0.7466228241156614,-0.31308588313025965,0.8000000000000007,2.1021021021021102,-2.8289921324528455,0,-0.7705040410340036,-0.6530999883417432
2010-06-01,-0.05388244202641512,175583,314925,587,76,40.1,400624,0.18,1.79,2.97,3.91,92.007,11895,1200366,1.27,34.5,0.009501989849939774,3.25,1184.3053,6628.2021,-34.27034017491156,-0.16148566814695453,-0.21514302733806057,2.086956521739136,3.260869565217406,-0.987654320987652,-0.9263793060810599,12.5,-14.761904761904765,-10.271903323262832,-7.345971563981035,0.19853046075837266,0.05972459391483387,0.9635716748954914,0.7936507936507908,1.4705882352941124,1.0701450977280924,0,-0.9502643419285639,-0.3698064422334002
2010-07-01,0.06877784991155234,174897,315632,579,67.8,40.2,402326,0.15,1.6,2.94,3.98,92.3967,11910.8,1210538,1.27,33.9,0.009577539302116689,3.25,1190.0527,6599.1432,-227.64427023896755,-0.3906984161336835,0.224497896324527,-1.3628620102214661,-10.789473684210527,0.24937655860348684,0.42483725388393623,-16.666666666666664,-10.6145251396648,-1.0101010101010166,1.7902813299232712,0.423554729531439,0.13282891971415633,0.8474082071634914,0,-1.7391304347826098,0.7950908532847301,0,0.4852971611289725,-0.4384130049383983
2010-08-01,-0.047449184040287196,174075,317408,580,68.9,40.3,408354,0.14,1.33,2.47,3.52,92.7118,11949.7,1211152,1.28,33.7,0.009171009950067255,3.25,1186.4799,6599.1561,-168.98904822018483,-0.46999090893496964,0.5626805900542431,0.17271157167531026,1.6224188790560534,0.24875621890545485,1.4982874584292372,-6.666666666666654,-16.874999999999996,-15.986394557823125,-11.557788944723612,0.34102949564216445,0.3265943513450109,0.050721249560115034,0.7874015748031482,-0.5899705014749124,-4.244611681829269,0,-0.3002219985719923,1.9547992229362876e-4
2010-09-01,0.08755110294402013,173127,320080,563,68.2,40.4,422049,0.16,1.27,2.53,3.69,92.9252,11949.4,1210964,1.28,33.4,0.008143870498363182,3.25,1185.0932,6564.4082,-284.5155079372577,-0.5445928479103856,0.8418187317269954,-2.931034482758621,-1.0159651669085723,0.24813895781639062,3.3537078123393016,14.28571428571428,-4.511278195488721,2.4291497975708287,4.829545454545459,0.23017566264489364,-0.00251052327674417,-0.015522411720414464,0,-0.8902077151335397,-11.199851022913144,0,-0.11687513627496315,-0.5265506600154568
2010-10-01,0.03685599439707654,172197,323900,558,67.7,40.4,417830,0.12,1.17,2.63,3.99,92.7115,11950.4,1217216,1.27,34,0.006027183550187942,3.25,1188.1683,6562.6653,-57.903449348157125,-0.5371779098580776,1.1934516370907255,-0.8880994671403242,-0.7331378299120228,0,-0.9996469604240277,-25,-7.874015748031504,3.9525691699604737,8.130081300813007,-0.22996991128348965,0.008368621018628453,0.516282895280118,-0.78125,1.7964071856287456,-25.991166590881665,0,0.2594817015235673,-0.02655075593867018
2010-11-01,-0.0022902497989432113,171161,327745,560,71.6,40.4,426427,0.17,1.47,2.81,4.12,92.7535,11960.5,1220690,1.27,33.9,0.00672056411046551,3.25,1187.5872,6563.7255,-106.21404967199821,-0.6016364977322497,1.1870947823402256,0.35842293906809264,5.760709010339715,0,2.0575353612713343,41.66666666666667,25.64102564102564,6.844106463878341,3.2581453634085156,0.045301823398391505,0.08451599946446287,0.2854053840895876,0,-0.2941176470588225,11.504221739786669,0,-0.048907212892324026,0.016155021649510992
2010-12-01,0.06530004048985472,170189,329627,632,74.5,40.5,429764,0.12,2.01,3.3,4.34,93.6492,12030.1,1222861,1.27,34.7,0.006618948664665503,3.25,1192.5618,6544.3192,-2951.219134261515,-0.5678863759851827,0.5742269142168466,12.857142857142856,4.050279329608952,0.24752475247524774,0.7825489474165614,-29.41176470588236,36.73469387755102,17.437722419928825,5.339805825242716,0.9656778450408687,0.5819154717612074,0.17785023224570207,0,2.359882005899716,-1.512007684619332,0,0.4188829249759607,-0.2956598352566675
2011-01-01,0.02264557398008682,169219,332357,576,74.2,40.3,445734,0.15,1.95,3.42,4.58,93.4768,12084.4,1237849,1.25,37.2,0.009835337415527112,3.25,1195.1243,6509.6811,-65.32073516308903,-0.5699545799082162,0.8282088542504118,-8.860759493670889,-0.402684563758382,-0.4938271604938316,3.715992963580006,25,-2.985074626865658,3.6363636363636376,5.5299539170506895,-0.18409126826496314,0.4513678190538606,1.225650339654294,-1.5748031496062964,7.204610951008639,48.593650046448175,0,0.21487356043099481,-0.5292850018684958
2011-02-01,0.03195656405295222,168303,334710,542,77.5,40.5,438975,0.15,2.13,3.42,4.49,93.0617,12117,1220120,1.26,37.4,0.01124445592146106,3.25,1201.2169,6491.2277,41.11615842041776,-0.5413103729486668,0.7079736548350146,-5.902777777777779,4.447439353099725,0.496277915632759,-1.5163752372491235,0,9.23076923076922,0,-1.9650655021834051,-0.4440674049603688,0.2697692893317116,-1.4322425433150543,0.8000000000000007,0.5376344086021501,14.327098770494274,0,0.5097879777024028,-0.2834762520087075
2011-03-01,-0.0010473132038185673,167338,338007,583,67.5,40.4,463133,0.09,2.24,3.47,4.51,94.0244,12083.3,1234097,1.24,39.1,0.012097851736773357,3.25,1208.4771,6478.0353,-103.27730228469858,-0.5733706469878697,0.9850318185892215,7.564575645756455,-12.903225806451612,-0.24691358024692134,5.503274673956371,-40,5.164319248826299,1.4619883040935644,0.44543429844097204,1.0344749773537387,-0.2781216472724335,1.1455430613382278,-1.5873015873015928,4.545454545454564,7.589480729641296,0,0.6044037508962985,-0.20323428186013182
2011-04-01,0.02849538044379507,166306,339884,581,69.8,40.4,454441,0.04,1.97,3.32,4.4,93.7011,12061.3,1229594,1.25,38.7,0.013155392125784537,3.25,1217.7391,6487.7439,-2820.807905400141,-0.6167158684817542,0.5553139432023624,-0.34305317324184736,3.4074074074073923,0,-1.8767826952516886,-55.55555555555556,-12.053571428571441,-4.3227665706051965,-2.4390243902438935,-0.34384691633235764,-0.1820694677778456,-0.364882177008774,0.8064516129032251,-1.0230179028132946,8.741555211795294,0,0.766419156804865,0.14986951367803591
2011-05-01,-0.01350095276693064,165276,339303,618,74.3,40.5,458536,0.06,1.68,3.05,4.22,93.849,12043.2,1219944,1.27,39.6,0.014540961794335727,3.25,1229.6299,6486.9513,-147.37944381392003,-0.6193402523059888,-0.17094067387697365,6.36833046471601,6.4469914040114595,0.24752475247524774,0.9011070744056937,50,-14.720812182741117,-8.13253012048193,-4.090909090909101,0.15784233055962105,-0.15006674239094187,-0.7848118972603957,1.6000000000000014,2.3255813953488413,10.532332714244808,0,0.9764653200344808,-0.012216881742210806
2011-06-01,-0.01825746126569705,164386,341600,636,71.5,40.4,454746,0.03,1.76,3.18,4.38,94.0844,12087.9,1232271,1.27,39.9,0.01583677676609674,3.25,1235.1277,6496.7387,35.230909854132996,-0.5384931871536103,0.6769760361682531,2.9126213592232997,-3.7685060565275874,-0.24691358024692134,-0.8265436083535471,-50,4.761904761904767,4.262295081967227,3.791469194312791,0.2508284584811671,0.37116381028297063,1.0104562176624476,0,0.7575757575757569,8.911480478999545,0,0.44711014265350624,0.15087827158499767
2011-07-01,-0.021474425791952023,163770,341373,621,63.7,40.4,459477,0.1,1.35,2.82,4.12,94.5881,12128.6,1237862,1.27,40.7,0.01741483445742964,3.25,1250.8957,6524.6227,17.61999918520518,-0.3747277748713418,-0.06645199063232132,-2.358490566037741,-10.909090909090901,0,1.0403609927300161,233.33333333333334,-23.29545454545454,-11.32075471698114,-5.936073059360725,0.5353703695830436,0.33670033670034627,0.45371513246679207,0,2.0050125313283207,9.964513073842118,0,1.2766291291175902,0.4291999615130049
2011-08-01,-0.05679110746359761,163322,342288,647,55.8,40.4,468947,0.02,0.96,2.23,3.6,95.1605,12120.6,1247048,1.26,40.5,0.019651571719433658,3.25,1269.7463,6541.5349,164.45925965052456,-0.27355437503816527,0.268035257621424,4.186795491143314,-12.401883830455262,0,2.061038963865447,-80,-28.888888888888896,-20.921985815602827,-12.621359223300976,0.6051501193067743,-0.06595979750342318,0.7420859514226885,-0.7874015748031482,-0.49140049140049546,12.843861751724916,0,1.5069681668903323,0.25920579284990364
2011-09-01,-0.07176198830376013,162989,345496,610,59.5,40.3,457843,0.02,0.96,1.92,2.9,95.0855,12104,1238946,1.26,40.4,0.019877227562006272,3.25,1270.1636,6548.589,26.361311671477196,-0.2038916986076611,0.9372224559435427,-5.71870170015456,6.630824372759858,-0.24752475247524774,-2.3678582014598715,0,0,-13.901345291479828,-19.444444444444454,-0.07881421388076237,-0.1369569163242823,-0.6496943181016235,0,-0.24691358024692134,1.1482839428536007,0,0.03286483291977671,0.10783554789259853
2011-10-01,0.10772303853581011,162624,347924,671,60.8,40.6,463126,0.01,0.99,2.17,3.16,95.6902,12117,1254588,1.26,38.7,0.021079204796465634,3.25,1283.3406,6579.4955,-250.11155777879378,-0.22394149298419208,0.7027577743302427,10.000000000000009,2.184873949579824,0.7444168734491496,1.1538889968832011,-50,3.125,13.020833333333325,8.965517241379327,0.6359539572279749,0.10740251156642344,1.2625247589483246,0,-4.2079207920792,6.047006458570947,0,1.0374254151197526,0.4719566306573775
2011-11-01,-0.005058715193587249,162300,349304,706,63.7,40.4,471598,0.01,0.96,2.08,3.06,95.7307,12112.6,1250048,1.27,40.2,0.02138204538395394,3.25,1294.4788,6606.003,-104.69603834272239,-0.1992325855962207,0.3966383463055223,5.216095380029806,4.7697368421052655,-0.49261083743843415,1.8293077909683264,0,-3.0303030303030276,-4.147465437788012,-3.164556962025322,0.04232408334394755,-0.036312618634970484,-0.3618717857974074,0.7936507936507908,3.875968992248069,1.4366793738779249,0,0.8679067739304935,0.4028804336137837
2011-12-01,0.008532763948144062,161985,349744,697,69.9,40.6,478391,0.02,0.83,1.89,2.89,96.2047,12227.3,1261003,1.26,40.4,0.02276662633858506,3.25,1307.7199,6619.1559,-268.6745274563142,-0.19408502772643166,0.12596477566819697,-1.2747875354107596,9.733124018838302,0.4950495049504955,1.4404217151048115,100,-13.541666666666663,-9.134615384615397,-5.555555555555558,0.4951389679590745,0.9469478064164427,0.8763663475322536,-0.7874015748031482,0.4975124378109319,6.4754373576915825,0,1.0228904482638024,0.1991052683445682
2012-01-01,0.043583062218506274,161775,352862,712,75,40.8,479475,0.06,0.71,1.83,2.94,96.7772,12311.1,1268460,1.25,40.2,0.022773481506083826,3.25,1321.3671,6633.2546,410.77309161922744,-0.12964163348457847,0.8915092181710049,2.152080344332852,7.296137339055786,0.49261083743841194,0.2265928915886839,200,-14.457831325301207,-3.1746031746031633,1.730103806228378,0.5950852713016985,0.6853516311859709,0.5913546597430708,-0.7936507936507908,-0.4950495049504844,0.030110598719446102,0,1.0435873920707328,0.21299845800579753
2012-02-01,0.040589464130841746,161647,357379,738,75.3,40.8,488327,0.08,0.87,1.98,3.08,97.051,12384.8,1273029,1.25,39.7,0.021598204405657295,3.25,1348.2223,6718.5588,-6.8687190281764625,-0.0791222376757883,1.2801038366273554,3.6516853932584192,0.40000000000000036,0,1.8461859325303642,33.33333333333335,22.535211267605646,8.196721311475397,4.761904761904767,0.28291787735128526,0.5986467496811754,0.36020055815713103,0,-1.243781094527363,-5.160726523577697,0,2.0323799495234773,1.2860082289016805
2012-03-01,0.03133231453053065,161720,358719,806,76.2,40.7,478078,0.07,1.04,2.23,3.35,96.5714,12431.1,1271849,1.26,39.3,0.022483374654291177,3.25,1354.646,6718.1311,-22.80677953882394,0.04516013288213827,0.3749520816835883,9.214092140921416,1.195219123505975,-0.2450980392156743,-2.0987985509709706,-12.49999999999999,19.54022988505748,12.62626262626263,8.766233766233778,-0.4941731666855631,0.373845358826963,-0.0926923110156963,0.8000000000000007,-1.0075566750629816,4.098351103677977,0,0.47645703531236094,-0.006365948601960714
2012-04-01,-0.00749745270927038,161956,356849,732,76.4,40.8,473878,0.1,0.82,1.95,3.12,97.3139,12486.5,1275997,1.26,39.2,0.02314427851801515,3.25,1370.9972,6736.7581,-123.92881860663296,0.14593123917883144,-0.5212994014813788,-9.181141439205954,0.2624671916010568,0.24570024570023108,-0.8785177314162174,42.85714285714286,-21.153846153846157,-12.556053811659195,-6.8656716417910495,0.7688611742192819,0.44565645839869106,0.32613934515810517,0,-0.254452926208637,2.939522531142047,0,1.2070459736344352,0.2772646100937193
2012-05-01,-0.06265072563317764,162344,356018,796,79.3,40.6,474026,0.07,0.67,1.59,2.67,97.4669,12490.2,1279867,1.27,39.6,0.022522582803613078,3.25,1384.5605,6769.4416,735.6268197025353,0.23957124157178988,-0.23287160675804497,8.743169398907114,3.795811518324599,-0.4901960784313597,0.03123166722236448,-29.999999999999993,-18.29268292682926,-18.461538461538453,-14.423076923076927,0.15722317161268595,0.02963200256276277,0.3032922491197132,0.7936507936507908,1.0204081632652962,-2.68617452869897,0,0.989301801637521,0.48515175273995403
2012-06-01,0.03955498213459152,162758,352043,794,73.2,40.7,461750,0.09,0.72,1.67,2.76,97.4577,12482.6,1276299,1.3,40.3,0.02192285611289857,3.25,1399.2492,6777.4525,-163.13571269100288,0.25501404425172236,-1.1165165806223287,-0.2512562814070307,-7.692307692307687,0.24630541871921707,-2.589731364946224,28.57142857142856,7.462686567164178,5.031446540880502,3.3707865168539186,-0.009439101889963109,-0.06084770460040856,-0.27877896687702464,2.3622047244094446,1.7676767676767513,-2.6627793798955413,0,1.060892608159758,0.11833915518231208
2012-07-01,0.012597574126154365,163222,353891,849,72.3,40.7,473561,0.11,0.6,1.51,2.56,97.6786,12396.5,1278728,1.3,39.3,0.02109955687378462,3.25,1415.9568,6795.2411,-68.1517385514439,0.285085832954457,0.5249358743108168,6.92695214105794,-1.2295081967213184,0,2.5578776394152625,22.222222222222232,-16.666666666666664,-9.58083832335329,-7.246376811594191,0.2266624391915606,-0.6897601461234082,0.19031590559892564,0,-2.481389578163773,-3.755437862996114,0,1.1940403467802563,0.2624673503798025
2012-08-01,0.019763369680148246,163742,358450,840,74.3,40.5,459040,0.09,0.59,1.57,2.68,97.2842,12364.4,1277591,1.29,39.6,0.019352524993137443,3.25,1425.8229,6820.3366,56.88234482476007,0.31858450453983167,1.2882497718224029,-1.0600706713780883,2.7662517289073207,-0.49140049140049546,-3.0663420340779735,-18.181818181818187,-1.6666666666666718,3.9735099337748325,4.6875,-0.4037731908524522,-0.25894405679022237,-0.08891648575771738,-0.7692307692307665,0.7633587786259666,-8.279945835344982,0,0.6967797322630087,0.3693099277963796
2012-09-01,0.024236153696477025,164339,361470,930,78.3,40.6,475687,0.1,0.62,1.65,2.82,97.2295,12453.3,1279516,1.29,39.8,0.020082434834909124,3.25,1439.6865,6820.8081,22.63168725129685,0.36459796509142883,0.8425163900125598,10.71428571428572,5.383580080753703,0.24691358024691024,3.6264813523875894,11.111111111111116,5.084745762711873,5.095541401273884,5.223880597014907,-0.05622701322516299,0.7189997088415057,0.150674198550238,0,0.5050505050504972,3.771651720023672,0,0.9723227197431239,0.006913148538756353
2012-10-01,-0.019789409878227415,165032,361991,887,82.6,40.6,479287,0.11,0.72,1.72,2.85,97.5344,12538.2,1274571,1.29,39.6,0.019946491483669337,3.25,1454.3943,6855.1851,-181.65243596843507,0.4216893129445731,0.1441336763770229,-4.623655913978498,5.4916985951468655,0,0.756800164814253,9.999999999999986,16.129032258064502,4.2424242424242475,1.0638297872340496,0.31358795427314234,0.6817470068174902,-0.3864742605797833,0,-0.5025125628140614,-0.6769266394106688,0,1.0215974102695258,0.5040018645297906
2012-11-01,0.002846717017343403,165830,362876,917,82.7,40.6,473577,0.08,0.61,1.62,2.81,97.9837,12702.9,1298060,1.28,39,0.019528512686261434,3.25,1451.7222,6866.3621,-114.38505258550131,0.48354258568035213,0.24448121638382947,3.382187147688831,0.1210653753026758,0,-1.191352988918959,-27.27272727272727,-15.277777777777779,-5.813953488372081,-1.403508771929829,0.4606579832346247,1.313585682155316,1.8428945896305393,-0.7751937984496138,-1.5151515151515138,-2.0955003427550745,0,-0.18372596757288973,0.1630444668810016
2012-12-01,0.007068230463864511,166701,364488,941,72.9,40.7,490421,0.05,0.72,1.78,2.95,98.2122,13011.6,1302868,1.29,37.6,0.018996943778720743,3.25,1482.2045,6906.3343,148.29410232214383,0.5252366881746351,0.44422888259350035,2.6172300981461394,-11.85006045949214,0.24630541871921707,3.5567605690310033,-37.5,18.032786885245898,9.876543209876543,4.982206405693956,0.23320205299453,2.430153744420571,0.37039890297829725,0.78125,-3.589743589743588,-2.7220142981736473,0,2.099733681829763,0.5821452381604031
2013-01-01,0.05042809651957847,167675,367009,940,73.8,40.7,484201,0.07,0.88,2.02,3.17,98.1664,12258.9,1307206,1.29,35.6,0.019098022178631435,3.25,1486.7602,6938.4937,613.4472592169444,0.5842796383944915,0.691655143653569,-0.10626992561104665,1.2345679012345512,0,-1.2682980541208422,40.000000000000014,22.222222222222232,13.483146067415719,7.457627118644061,-0.04663371760331714,-5.784838144424976,0.3329577516678617,0,-5.319148936170215,0.5320771650854317,0,0.30735974691751267,0.46565078669880133
2013-02-01,0.011060649195259176,168701,372291,980,77.6,40.9,498821,0.11,0.77,1.89,3.1,98.6458,12224.9,1312035,1.27,36.4,0.01988738521448563,3.25,1491.7343,6945.7889,-78.06649475463558,0.61189801699717,1.4392017634444976,4.255319148936176,5.1490514905149,0.49140049140048436,3.019407229642246,57.14285714285714,-12.5,-6.435643564356441,-2.208201892744477,0.4883544675163831,-0.2773495174934082,0.36941384907964725,-1.5503875968992276,2.2471910112359383,4.133218761979474,0,0.3345596687347463,0.10514097605940353
2013-03-01,0.035987723516956116,169831,369081,936,78.6,40.8,474885,0.07,0.77,1.87,3.1,99.0597,12262.1,1304969,1.29,37,0.018890221377988237,3.25,1504.5601,6948.0468,225.36719031267353,0.6698241267093952,-0.8622287404208007,-4.489795918367346,1.2886597938144284,-0.24449877750611915,-4.798514898129791,-36.36363636363635,0,-1.058201058201047,0,0.4195819791618316,0.30429696766436365,-0.5385527062921391,1.5748031496062964,1.6483516483516425,-5.014052002025271,0,0.8597911839930195,0.032507466502473825
2013-04-01,0.01808576785925231,171008,367514,1012,76.4,40.7,482654,0.05,0.68,1.7,2.88,98.9927,12299,1303671,1.3,36.5,0.01715558856294086,3.25,1506.8766,6967.0073,-49.74461818700215,0.6930419063657434,-0.4245680487481085,8.119658119658112,-2.7989821882951516,-0.2450980392156743,1.635975025532499,-28.57142857142857,-11.688311688311682,-9.090909090909093,-7.096774193548394,-0.067635981130576,0.30092724737198484,-0.09946596432558463,0.7751937984496138,-1.3513513513513487,-9.182702416969303,0,0.15396526865227855,0.27288964144571715
2013-05-01,0.020762811721046104,172250,369493,1003,84.5,40.7,492752,0.04,1.05,2.16,3.3,99.0726,12358.6,1317695,1.28,36.8,0.016455519491850756,3.25,1511.3231,6982.3112,14.801936432155816,0.7262818113772385,0.5384828877267323,-0.8893280632411016,10.60209424083769,0,2.0921819771513306,-20.000000000000007,54.41176470588236,27.05882352941178,14.583333333333325,0.08071302227334876,0.4845922432718197,1.075731530424462,-1.538461538461544,0.8219178082191636,-4.080705645986282,0,0.29508056598661625,0.219662465403192
2013-06-01,-0.014999301636062778,173546,371041,942,84.1,40.8,502482,0.04,1.41,2.52,3.52,99.2065,12361.7,1314033,1.29,36.4,0.016230952474272975,3.25,1523.7283,6996.2234,-172.24118697208445,0.7523947750362803,0.41895245647414203,-6.081754735792622,-0.4733727810650956,0.24570024570023108,1.974624151703086,0,34.28571428571428,16.66666666666665,6.666666666666665,0.13515341274985548,0.025083747350018726,-0.277909531416598,0.78125,-1.0869565217391242,-1.3646911462685374,0,0.820817203151325,0.19924921134995
2013-07-01,0.04946207981522499,174877,373554,997,85.1,40.7,483308,0.04,1.38,2.6,3.64,98.9204,12350.6,1314276,1.29,37.3,0.01700221768056709,3.25,1536.7144,7023.5743,-429.7625517197645,0.7669436345407066,0.6772836425085194,5.83864118895967,1.189060642092743,-0.2450980392156743,-3.8158580804884545,0,-2.127659574468088,3.1746031746031855,3.409090909090917,-0.28838836164969406,-0.08979347500748247,0.018492686256732505,0,2.4725274725274637,4.751817291786264,0,0.8522582405275259,0.3909380595250811
2013-08-01,-0.031298019033866864,176213,372489,964,82.1,40.9,482827,0.03,1.62,2.78,3.7,99.4996,12379.6,1319628,1.29,37.6,0.01782107690904433,3.25,1532.6613,7016.4646,-163.27679537695658,0.7639655300582637,-0.2850993430668636,-3.3099297893681046,-3.525264394829608,0.49140049140048436,-0.09952245772881785,-25,17.391304347826097,6.923076923076921,1.6483516483516425,0.5855212878233429,0.23480640616651005,0.40722040119427483,0,0.8042895442359255,4.816190710304613,0,-0.2637510262154197,-0.1012262374728512
2013-09-01,0.029749523177239112,177507,372505,1004,77.5,40.9,498211,0.02,1.39,2.64,3.69,100.0568,12431.5,1323701,1.3,37.4,0.017519368418314363,3.25,1535.8941,7033.7625,-195.05241576167438,0.7343385561791704,0.0042954288582919276,4.149377593361003,-5.60292326431181,0,3.186234406940791,-33.33333333333333,-14.197530864197539,-5.035971223021574,-0.2702702702702786,0.5600022512653346,0.4192381013926161,0.30864758856283814,0.7751937984496138,-0.5319148936170248,-1.6929868619603439,0,0.21092722834457067,0.24653299041799137
2013-10-01,0.04459575261800608,178732,373663,1044,73.2,40.8,494189,0.04,1.31,2.57,3.63,99.9168,12395.1,1331422,1.3,35.1,0.01686837731144819,3.25,1553.0007,7073.8441,49.9040920834845,0.6901136293216537,0.31086831049247365,3.984063745019917,-5.548387096774188,-0.24449877750611915,-0.8072884781749057,100,-5.755395683453224,-2.6515151515151603,-1.6260162601625994,-0.13992052514172348,-0.29280456903832963,0.5832888242888634,0,-6.149732620320847,-3.7158366176353708,0,1.113787727942972,0.5698457973239757
2013-11-01,0.02804947163518645,179836,373914,1029,75.1,41,503692,0.06,1.37,2.75,3.82,100.1762,12426.2,1347662,1.29,36.6,0.017416677473738762,3.25,1569.5734,7096.1216,-37.10281811936248,0.6176845780274443,0.06717282685200221,-1.4367816091954033,2.595628415300544,0.4901960784313708,1.9229485075548114,50,4.580152671755733,7.003891050583655,5.234159779614322,0.2596160005124304,0.2509055997934606,1.2197485094883609,-0.7692307692307665,4.2735042735042805,3.2504618089047144,0,1.0671405363822384,0.31492777738768574
2013-12-01,0.02356279155049279,180858,377032,1005,82.5,40.9,499738,0.07,1.75,3.04,3.96,100.3658,12452.7,1342339,1.3,36.5,0.017408566188369834,3.25,1576.7843,7116.3343,-15.995595721187772,0.5682955581752358,0.833881587744778,-2.3323615160349864,9.853528628495356,-0.24390243902439046,-0.7850035339056372,16.666666666666675,27.73722627737225,10.545454545454547,3.664921465968596,0.1892665124051396,0.213259081617867,-0.39498034373603996,0.7751937984496138,-0.2732240437158473,-0.04657194451214153,0,0.45941782652534346,0.28484151117140755
2014-01-01,-0.035582905675162646,181813,373033,976,81.2,40.7,488511,0.02,1.49,2.67,3.61,100.038,12513.3,1328414,1.32,35.1,0.016070344358370292,3.25,1591.3822,7142.5631,-251.01311573763198,0.5280385716971425,-1.0606526766958724,-2.8855721393034828,-1.5757575757575748,-0.4889975550122161,-2.2465772064561795,-71.42857142857143,-14.857142857142858,-12.171052631578949,-8.838383838383844,-0.32660527789346583,0.4866414512515238,-1.0373683547896584,1.538461538461533,-3.8356164383561597,-7.6871456013050015,0,0.9258019628937131,0.3685717799963406
2014-02-01,0.04311702997659528,182735,378581,1039,81.6,40.7,494965,0.05,1.51,2.66,3.59,100.7918,12579.5,1339979,1.31,36.5,0.015548073904948723,3.25,1628.4409,7203.3617,-221.17343752140948,0.5071144527619031,1.487267882466159,6.454918032786883,0.49261083743841194,0,1.3211575583763624,150,1.342281879194629,-0.3745318352059823,-0.5540166204986208,0.7535136648073815,0.5290371045207909,0.8705870308503227,-0.7575757575757569,3.9886039886039892,-3.2499020666569844,0,2.3287114811262777,0.8512154411348449
2014-03-01,0.006932165607935747,183464,382601,1067,80,41,496803,0.05,1.73,2.73,3.56,101.7782,12648.6,1350652,1.3,35.3,0.016456609706435588,3.25,1632.2663,7244.4069,-83.92244175515185,0.3989383533532065,1.061859945427801,2.6948989412896918,-1.9607843137254832,0.7371007371007376,0.37133938763347363,0,14.569536423841068,2.631578947368407,-0.835654596100277,0.9786510410569216,0.5493064112246149,0.7965050198547985,-0.7633587786259555,-3.287671232876721,5.843397754867197,0,0.23491181043167053,0.5698061781348462
2014-04-01,0.006200788965052828,184064,386689,1090,84.1,40.9,499122,0.03,1.69,2.67,3.47,101.8337,12699,1352609,1.3,34.9,0.018210555250137483,3.25,1655.0483,7293.9889,-10.550478512020256,0.3270396372040185,1.0684760363929957,2.1555763823805085,5.125000000000002,-0.24390243902439046,0.4667846208658233,-40,-2.3121387283236983,-2.197802197802201,-2.52808988764045,0.054530341468006505,0.398463071011812,0.1448929850176084,0,-1.1331444759206777,10.658000493357944,0,1.3957281357827478,0.6844176574344552
2014-05-01,0.021030280012996005,184605,387100,1018,81.9,41.1,490538,0.04,1.54,2.48,3.33,102.2325,12745,1356343,1.3,34.4,0.019455269618362525,3.25,1668.3374,7330.4941,239.15490644047156,0.29391950625869967,0.10628696445980079,-6.605504587155964,-2.6159334126040323,0.4889975550122383,-1.7198200039268974,33.33333333333335,-8.875739644970404,-7.116104868913853,-4.034582132564846,0.3916188845146662,0.36223324671234014,0.2760590828539522,0,-1.4326647564469885,6.83512584392858,0,0.8029433340404513,0.5004833500637629
2014-06-01,0.01905833165892057,185204,388106,1010,82.5,41.1,501906,0.04,1.62,2.53,3.34,102.5722,12797.2,1355815,1.31,33.9,0.019228626526676562,3.25,1681.9118,7366.3321,-9.376709929001603,0.32447658514125344,0.259881167656939,-0.7858546168958758,0.73260073260073,0,2.3174555284198206,0,5.1948051948051965,2.0161290322580516,0.30030030030030463,0.3322818086225032,0.4095723813260177,-0.03892820621332893,0.7692307692307665,-1.4534883720930258,-1.164944491296327,0,0.8136483663316652,0.48888928237456053
2014-07-01,-0.015079830581919862,185792,388359,1076,81.8,40.9,563264,0.03,1.76,2.58,3.32,102.8479,12835.1,1364444,1.3,32.7,0.018449632290063356,3.25,1698.9234,7418.1818,-179.1246099175816,0.3174877432452927,0.06518837637139452,6.5346534653465405,-0.848484848484854,-0.48661800486619056,12.224998306455781,-25,8.64197530864197,1.976284584980248,-0.5988023952095856,0.26878627932325205,0.2961585346794582,0.6364437626077413,-0.7633587786259555,-3.539823008849541,-4.051221419961948,0,1.011444238633663,0.7038740487956163
2014-08-01,0.03765529548973512,186305,391305,1047,82.5,41,494523,0.03,1.63,2.35,3.09,102.6491,12896.3,1366998,1.31,32,0.0173639560289498,3.25,1712.145,7460.6146,-349.70635634913816,0.2761152256286703,0.7585764717696675,-2.695167286245348,0.8557457212714059,0.24449877750611915,-12.204046415180091,0,-7.3863636363636465,-8.914728682170537,-6.927710843373491,-0.19329514749449883,0.4768174770745759,0.18718247139493105,0.7692307692307665,-2.140672782874631,-5.884541458846748,0,0.7782340275023669,0.5720107857157153
2014-09-01,-0.015513837223063764,186807,389860,1077,84.6,40.9,497329,0.02,1.78,2.52,3.21,102.9858,12938.8,1366811,1.31,31.9,0.017409458883681284,3.25,1725.1012,7488.2415,-141.19961620615317,0.26945063202812314,-0.36927716231583974,2.865329512893977,2.5454545454545396,-0.24390243902439046,0.5674154690479494,-33.33333333333333,9.202453987730074,7.234042553191489,3.8834951456310662,0.32801066935803647,0.3295518869753433,-0.013679610357875127,0,-0.31250000000000444,0.26205350126213833,0,0.7567232915436595,0.3703032723336275
2014-10-01,0.02320146078677232,187396,390506,1094,86.9,41,484439,0.01,1.62,2.35,3.07,102.9911,12995.3,1368570,1.32,32.3,0.01817632310436279,3.25,1735.1489,7515.8029,-249.5533339248893,0.3152986772444244,0.165700507874611,1.5784586815227541,2.7186761229314627,0.24449877750611915,-2.59184563940571,-50,-8.98876404494382,-6.746031746031744,-4.361370716510904,0.0051463405634555315,0.4366710977834032,0.12869372576018723,0.7633587786259444,1.2539184952978122,4.404871086489237,0,0.5824411924355344,0.36806238153510584
2014-11-01,0.02453358876036482,188111,391805,1059,88.8,41.1,479828,0.02,1.49,2.18,2.89,103.6669,13062.8,1372234,1.33,32.7,0.017415947552462452,3.25,1765.6725,7577.5809,5.741569403043689,0.3815449636064727,0.3326453370754878,-3.199268738574035,2.1864211737629313,0.24390243902439046,-0.9518226236946203,100,-8.024691358024693,-7.234042553191489,-5.863192182410415,0.6561732033156131,0.5194185590174927,0.2677247053493703,0.7575757575757569,1.2383900928792713,-4.183329860140028,0,1.7591343313533514,0.8219747220885809
2014-12-01,-0.004188587877920424,188862,388569,1072,93.6,41,465231,0.04,1.65,2.17,2.75,103.6139,13150.5,1380177,1.35,32.7,0.016224195046636636,3.25,1773.2947,7633.4824,-117.07287066247432,0.3992323681230703,-0.825921057668999,1.227573182247399,5.405405405405395,-0.24330900243308973,-3.042131763882061,100,10.738255033557031,-0.4587155963302836,-4.844290657439454,-0.05112528685626838,0.6713721407355377,0.5788371371063583,1.5037593984962516,0,-6.842880654273175,0,0.431688209449943,0.7377222458951227
2015-01-01,-0.031040805790470194,189582,385648,1049,98.1,41,451813,0.02,1.18,1.68,2.25,102.8479,13224.7,1382524,1.38,32,0.01631625565241701,3.25,1793.6671,7672.3066,641.0804475202158,0.38123073990532497,-0.7517326395054647,-2.1455223880597063,4.807692307692313,0,-2.884158622275812,-50,-28.48484848484848,-22.580645161290324,-18.181818181818176,-0.7392830498610725,0.5642371012509084,0.17005065292350352,2.2222222222222143,-2.140672782874631,0.5674278786450992,0,1.1488445772718903,0.5086040415839488
2015-02-01,0.054892511014553946,190322,385157,1127,95.4,41,451403,0.02,1.5,2,2.6,102.2292,13271.8,1376941,1.39,31.2,0.016880834938713285,3.25,1814.6651,7745.8564,-276.8398390978834,0.39033241552468567,-0.12731817616064012,7.4356530028598655,-2.752293577981635,0,-0.09074550754405442,0,27.118644067796627,19.047619047619047,15.555555555555568,-0.6015679464529522,0.35615174635339475,-0.40382662434793604,0.7246376811594235,-2.500000000000002,3.460225791526139,0,1.1706743129759056,0.9586400001271977
2015-03-01,-0.01739610691375626,191185,391420,1072,93,40.8,461086,0.03,1.37,1.94,2.54,101.8945,13233.7,1384614,1.38,30.5,0.017453777073428434,3.25,1834.6956,7800.9602,-131.691220882834,0.4534420613486523,1.626090139865033,-4.880212954747121,-2.515723270440262,-0.487804878048792,2.145089864267624,50,-8.666666666666655,-3.0000000000000027,-2.3076923076923106,-0.3274015643280115,-0.2870748504347431,0.5572497296543633,-0.7194244604316502,-2.2435897435897467,3.39403907919984,0,1.1038124885963896,0.7113971284053333
2015-04-01,0.008520819730124751,192080,391356,1166,95.9,40.8,460208,0.01,1.43,2.05,2.75,101.2859,13262.8,1395091,1.38,30.9,0.01802827832894649,3.25,1852.4031,7850.1059,-148.9811874137585,0.46813296022176765,-0.016350723008529133,8.768656716417912,3.1182795698924792,0,-0.19042000841491546,-66.66666666666666,4.379562043795615,5.670103092783507,8.267716535433077,-0.5972844461673565,0.21989315157513456,0.756672978895212,0,1.3114754098360715,3.291558343509915,0,0.9651464798847265,0.6299955228588283
2015-05-01,0.010491382393316817,192987,394718,1272,90.7,40.8,447136,0.01,1.49,2.12,2.88,100.8408,13284.7,1381123,1.38,30.7,0.0175094409524732,3.25,1871.1864,7895.574,23.12644470373293,0.4721990837151191,0.8590643812794507,9.090909090909083,-5.42231491136601,0,-2.8404547508952493,0,4.195804195804209,3.4146341463414887,4.727272727272713,-0.4394491237181053,0.16512350333264258,-1.0012250096947062,0,-0.6472491909385036,-2.8779086222572747,0,1.013996359647651,0.5792036512526577
2015-06-01,-0.021011672375900514,193794,395464,1379,96.1,40.6,469819,0.01,1.63,2.35,3.11,100.5063,13292.7,1383784,1.38,28.4,0.01777267624465506,3.25,1882.7892,7938.3322,-300.2755365135227,0.4181628814376115,0.18899568806083344,8.41194968553458,5.953693495038581,-0.4901960784313597,5.07295319544836,0,9.395973154362402,10.849056603773576,7.986111111111116,-0.33171097412952877,0.06021965117766204,0.1926692988242218,0,-7.491856677524433,1.5033906159332977,0,0.6200771873929867,0.5415464410820636
2015-07-01,0.019742029696721453,194593,398193,1140,93.1,40.8,460361,0.08,1.54,2.2,2.92,101.1831,13324.1,1386840,1.38,28.1,0.018346312894897077,3.25,1887.1214,7974.6531,-193.95744110004642,0.4122934662579958,0.6900754556672606,-17.331399564902107,-3.1217481789802326,0.49261083743841194,-2.0131156892335134,700,-5.521472392638027,-6.382978723404253,-6.109324758842439,0.6733906232743614,0.23621988008455386,0.22084371549317972,0,-1.0563380281690016,3.227632362990529,0,0.2300947976544565,0.4575381715570037
2015-08-01,-0.06258081816720285,195446,398105,1165,91.9,40.9,452229,0.08,1.54,2.21,2.95,100.9115,13354.9,1388664,1.39,28.4,0.018506323273421277,3.25,1911.863,8037.1818,-416.9928276300567,0.43835081426362166,-0.022099836009170648,2.1929824561403466,-1.2889366272824776,0.2450980392156854,-1.7664398157098415,0,0,0.4545454545454408,1.0273972602739878,-0.2684242724328434,0.23116007835426444,0.13152202128579038,0.7246376811594235,1.0676156583629748,0.872166409898667,0,1.311076224348895,0.7840930409875657
2015-09-01,-0.026442831573227132,196330,396248,1144,87.2,40.6,444225,-0.01,1.37,2.06,2.87,100.568,13392,1403145,1.4,25.7,0.01897096144665089,3.25,1921.0188,8093.3152,-57.746107597095616,0.452298844693666,-0.46645985355622255,-1.8025751072961338,-5.114254624591952,-0.7334963325183352,-1.7698997631730773,-112.5,-11.038961038961038,-6.7873303167420795,-2.7118644067796627,-0.34039727880370574,0.27780065743658877,1.0428008503136743,0.7194244604316502,-9.507042253521124,2.5106995396374954,0,0.4788941467040342,0.6984214292626856
2015-10-01,0.08298311776039413,197193,394503,1160,90,40.7,447495,0.08,1.52,2.16,2.93,100.1588,13419.8,1399866,1.41,27.5,0.019135335359607986,3.25,1930.6219,8122.3861,-413.8208460413633,0.43956603677481887,-0.4403807716379604,1.3986013986013957,3.2110091743119185,0.24630541871921707,0.7361134560189164,-900,10.948905109489049,4.854368932038833,2.0905923344947785,-0.4068888712115193,0.20758661887694263,-0.23368931935046078,0.7142857142857117,7.003891050583655,0.8664500922598961,0,0.49989620091173137,0.3591964390562641
2015-11-01,5.048692607241279e-4,197974,396240,1244,91.3,40.7,449790,0.22,1.65,2.21,2.98,99.4099,13417.7,1396940,1.41,27.9,0.019974275238246353,3.25,1949.1887,8190.2538,-99.39160003341657,0.3960586836246671,0.4403008342141801,7.241379310344831,1.4444444444444482,0,0.5128548922334275,175,8.552631578947366,2.314814814814814,1.7064846416382284,-0.7477126323398475,-0.015648519351996182,-0.2090200062005887,0,1.4545454545454417,4.384244450762287,0,0.961700475893279,0.8355635790325389
2015-12-01,-0.01753018517631444,198835,397052,1212,92.6,40.6,438803,0.16,1.76,2.27,3.01,98.8329,13482,1394894,1.42,27.9,0.020715072792840905,3.5,1952.4533,8245.2107,-3572.2227198326764,0.43490559366381465,0.20492630728852212,-2.5723472668810254,1.4238773274917849,-0.24570024570025328,-2.442695480112944,-27.27272727272727,6.666666666666665,2.714932126696845,1.0067114093959662,-0.5804250884469231,0.4792177496888428,-0.1464629833779596,0.7092198581560183,0,3.7087581189233276,7.692307692307687,0.16748506699222343,0.6710036262856711
2016-01-01,-0.05073532197294639,199773,394749,1161,92,40.8,438074,0.32,1.33,1.94,2.75,99.4797,13531.6,1395837,1.44,29.1,0.02145022538582464,3.5,1972.6996,8300.5546,189.41691980240125,0.4717479317021711,-0.5800247826481142,-4.207920792079212,-0.647948164146861,0.49261083743841194,-0.16613377757216385,100,-24.431818181818176,-14.537444933920707,-8.637873754152814,0.6544379452591231,0.3678979379913905,0.0676037032204535,1.4084507042253502,4.301075268817223,3.548877671517525,0,1.0369671837989758,0.6712248117564767
2016-02-01,-0.004128360430299072,200734,398105,1187,91.7,40.7,431978,0.33,1.22,1.74,2.61,98.9583,13546.1,1407109,1.43,29.4,0.02222573822094165,3.5,1982.8889,8345.6318,-91.86294622807274,0.481045987195472,0.8501604817238384,2.239448751076667,-0.3260869565217317,-0.2450980392156743,-1.3915457205860182,3.125,-8.270676691729328,-10.309278350515461,-5.09090909090909,-0.5241270329524483,0.10715658163114039,0.8075441473467171,-0.694444444444442,1.0309278350515427,3.615406463885029,0,0.5165155404299737,0.5430625081364937
2016-03-01,0.06599111457736506,201587,396911,1114,91,40.7,433387,0.21,1.21,1.78,2.61,98.1954,13547.2,1407621,1.43,28.3,0.02142426948557663,3.5,2016.3033,8425.8368,-1698.4823925023534,0.42494046848067235,-0.2999208751460092,-6.149957877000844,-0.7633587786259555,0,0.32617401812129465,-36.36363636363637,-0.8196721311475419,2.298850574712641,0,-0.7709307859977255,0.008120418423018805,0.036386662298371064,0,-3.741496598639449,-3.6060387618974787,0,1.6851372762235917,0.9610416793130128
2016-04-01,0.002699398480873194,202475,398190,1158,89,40.8,442914,0.22,1.28,1.83,2.66,98.4673,13522,1405968,1.43,27.9,0.02156654761214183,3.5,2036.1616,8483.429,-95.90945160092949,0.44050459603048875,0.3222384867136441,3.9497307001795434,-2.197802197802201,0.24570024570023108,2.198266214722633,4.761904761904767,5.785123966942152,2.8089887640449396,1.9157088122605526,0.27689688111662836,-0.1860162985709235,-0.11743217812181239,0,-1.4134275618374659,0.6640979131679714,0,0.9848865495582837,0.6835190541549574
2016-05-01,0.015324602357572603,203378,400143,1196,94.7,40.8,440226,0.34,1.37,1.84,2.64,98.2889,13515.1,1398587,1.43,26.9,0.022545595974976074,3.5,2054.021,8535.3357,467.7043410284295,0.4459809853068375,0.49046937391696854,3.2815198618307395,6.404494382022485,0,-0.6068898251127774,54.54545454545456,7.03125,0.5464480874316946,-0.7518796992481258,-0.1811768983205564,-0.05102795444460462,-0.5249763863757972,0,-3.584229390681004,4.539661982259258,0,0.8771111290970302,0.6118598976899481
2016-06-01,9.109211209781254e-4,204359,404756,1208,93.5,40.7,436158,0.26,1.01,1.49,2.3,98.7201,13521.5,1406826,1.41,28,0.022622116465067066,3.5,2055.7698,8603.1465,-94.05582539942384,0.4823530568694778,1.1528378604648948,1.0033444816053505,-1.2671594508975703,-0.2450980392156743,-0.9240708181706636,-23.529411764705888,-26.277372262773724,-19.02173913043479,-12.87878787878789,0.43870671052377297,0.047354440588676106,0.5890945647285539,-1.3986013986013957,4.089219330855021,0.33940327049204466,0,0.08514031745536776,0.7944713879267873
2016-07-01,0.03560980112525436,205362,403730,1190,90,40.7,433597,0.27,1.03,1.46,2.18,98.8992,13567.1,1405222,1.42,27.8,0.021701399624842965,3.5,2054.1894,8619.5488,3809.207976978007,0.49080294971104443,-0.2534860508553338,-1.490066225165565,-3.7433155080213942,0,-0.5871725383920556,3.8461538461538547,1.980198019801982,-2.0134228187919434,-5.217391304347807,0.18142202043960332,0.3372406907517611,-0.11401552146462768,0.7092198581560183,-0.7142857142857117,-4.069985412929267,0,-0.07687631173489695,0.19065466338390458
2016-08-01,-0.0012192431360480427,206378,403968,1205,89.8,40.7,443918,0.33,1.19,1.58,2.23,98.7249,13578.9,1416348,1.42,27.2,0.023087345614186683,3.5,2053.4345,8665.9961,-103.42389762795771,0.49473612450210425,0.05895028855917861,1.2605042016806678,-0.22222222222222365,0,2.380320897054178,22.22222222222221,15.533980582524265,8.219178082191792,2.2935779816513735,-0.17624005047562896,0.0869751089031423,0.7917610171204181,0,-2.158273381294973,6.386435959444459,0,-0.03674928903830699,0.5388599923003001
2016-09-01,-0.0012344508443253854,207399,405958,1280,91.2,40.8,434829,0.28,1.14,1.6,2.32,98.606,13608.3,1417950,1.41,26.5,0.022711206825691832,3.5,2074.246,8702.472,1.247307270200082,0.49472327476765,0.4926132762991031,6.224066390041494,1.5590200445434466,0.24570024570023108,-2.0474502047675425,-15.151515151515149,-4.201680672268915,1.2658227848101333,4.035874439461873,-0.12043567529570476,0.21651238318272092,0.11310779554176698,-0.7042253521126751,-2.573529411764708,-1.6291989333919843,0,1.0134971434443196,0.42090833620382906
2016-10-01,-0.019425679279557517,208429,407395,1278,87.2,40.8,461469,0.34,1.31,1.84,2.58,98.6703,13627.7,1420099,1.41,26.6,0.022045551507991146,3.5,2089.4596,8744.091,1473.6292270247056,0.4966272739984179,0.35397750506209746,-0.15625000000000222,-4.385964912280704,0,6.12654629751006,21.42857142857142,14.91228070175441,14.999999999999991,11.206896551724155,0.06520901365028031,0.14256005526041005,0.15155682499383705,0,0.37735849056603765,-2.930955289208459,0,0.7334520592060967,0.47824342324802593
2016-11-01,0.034174522187570444,209529,406061,1236,93.8,40.6,442198,0.48,1.83,2.37,3.02,98.2288,13657.8,1420567,1.42,25.9,0.021454219398053587,3.5,2091.1738,8774.2696,-275.9244641886669,0.5277576536854234,-0.3274463358656887,-3.2863849765258246,7.568807339449535,-0.4901960784313597,-4.176011823112713,41.17647058823528,39.69465648854962,28.80434782608696,17.054263565891482,-0.44744973918189324,0.22087366173306755,0.03295544888066715,0.7092198581560183,-2.6315789473684292,-2.6823194226881175,0,0.08204035148609012,0.34513135785068094
2016-12-01,0.01820076219689515,210602,412610,1252,98.2,40.7,445811,0.5,1.93,2.45,3.06,98.8958,13685.3,1437758,1.39,26.3,0.02197123661300271,3.75,2078.4859,8753.6575,-46.741721516987546,0.5121009502264684,1.6128118681675963,1.2944983818770295,4.6908315565032055,0.24630541871921707,0.8170548035043135,4.166666666666674,5.464480874316924,3.3755274261603407,1.324503311258285,0.6790269248936998,0.20135014423992015,1.210150594797721,-2.1126760563380254,1.5444015444015635,2.409862625885273,7.14285714285714,-0.6067357959438802,-0.23491528001373663
2017-01-01,0.0178843581714645,211656,416081,1301,98.5,40.8,447001,0.52,1.9,2.45,3.05,98.7446,13742.1,1431582,1.39,25.3,0.022502092221020176,3.75,2083.9607,8784.3443,-1.7384108533906595,0.5004700810058882,0.8412302173965713,3.9137380191693216,0.3054989816700493,0.24570024570023108,0.2669292592600847,4.0000000000000036,-1.5544041450777257,0,-0.326797385620925,-0.15288819140952814,0.415043879198862,-0.4295576863422079,0,-3.802281368821292,2.416138960987313,0,0.2634032783190854,0.35055975173807763
2017-02-01,0.037198160337279074,212684,415503,1240,96.3,40.7,445123,0.53,1.89,2.36,2.97,98.3676,13792.3,1428319,1.39,25.5,0.022353468290497336,3.75,2081.031,8806.545,107.99270502550567,0.4856937672449657,-0.1389152592884524,-4.688700999231365,-2.233502538071064,-0.2450980392156743,-0.4201332882924236,1.9230769230769162,-0.5263157894736858,-3.673469387755113,-2.6229508196721207,-0.3817930296947991,0.36530079099992285,-0.22792966103234447,0,0.7905138339920903,-0.6604893850004068,0,-0.1405832653178174,0.25273030338757163
2017-03-01,-3.891971880845002e-4,213791,414620,1285,96.9,40.6,450248,0.75,1.93,2.4,3.02,99.1065,13851.3,1425497,1.4,25.1,0.02045845481938735,4,2054.7396,8795.0711,-101.04628074226147,0.5204904929378751,-0.21251350772437672,3.629032258064524,0.6230529595015577,-0.24570024570025328,1.1513671502034306,41.50943396226414,2.1164021164021163,1.6949152542372836,1.683501683501687,0.7511619679650527,0.4277749178889678,-0.19757491148686412,0.7194244604316502,-1.5686274509803866,-8.477491933167137,6.666666666666665,-1.2633833902522373,-0.13028832533077406
2017-04-01,0.00909120854931822,214948,416889,1258,97,40.7,451986,0.79,1.81,2.29,2.96,100.0363,13869.6,1422919,1.39,24.1,0.018965650108902388,4,2069.7212,8847.3846,-2435.8875211977097,0.5411827438947414,0.5472480825816417,-2.101167315175101,0.10319917440659854,0.24630541871921707,0.3860094881043441,5.3333333333333455,-6.217616580310869,-4.583333333333329,-1.9867549668874163,0.9381826620857403,0.1321175629724447,-0.18084920557531747,-0.7142857142857117,-3.984063745019917,-7.296761772400884,0,0.7291240213601835,0.5948047423971481
2017-05-01,0.01157625139134133,216104,414540,1209,97.1,40.8,448086,0.96,1.75,2.21,2.87,100.147,13962.6,1427911,1.4,24.7,0.017370931912259246,4,2069.7109,8876.839,27.334570849873117,0.5378044922492942,-0.5634593380971942,-3.8950715421303683,0.10309278350515427,0.24570024570023108,-0.8628585841154335,21.51898734177213,-3.314917127071826,-3.493449781659397,-3.0405405405405372,0.11065983048155204,0.6705312337774716,0.35082812162885446,0.7194244604316502,2.4896265560165887,-8.408455220285793,0,-4.97651567754609e-4,0.3329164643752547
2017-06-01,0.004813775090855454,217266,416505,1329,95,40.8,466961,1.01,1.89,2.31,2.84,100.3042,13963.5,1432684,1.4,24.6,0.01699119334249022,4.25,2073.0172,8891.3732,-58.416805854302666,0.5377040684115153,0.4740193949920313,9.925558312655092,-2.162718846549938,0,4.212361019982769,5.208333333333348,7.999999999999985,4.52488687782806,-1.0452961672474004,0.15696925519486093,0.006445790898546022,0.3342645304924563,0,-0.4048582995951344,-2.1860575568834806,6.25,0.15974694823319702,0.16373170674830462
2017-07-01,0.01934882611803057,218384,416744,1264,93.4,41,450373,1.05,1.84,2.3,2.89,100.2092,13999.9,1438238,1.41,24.6,0.016769627444729984,4.25,2078.2185,8937.9412,301.9470322738343,0.514576601953376,0.057382264318550646,-4.8908954100827735,-1.684210526315788,0.4901960784313708,-3.552330922710889,3.960396039603964,-2.64550264550264,-0.43290043290044045,1.760563380281699,-0.09471188644144535,0.2606796290328228,0.38766399289724696,0.7142857142857117,0,-1.3040043350349029,0,0.25090481641927287,0.523743621513928
2017-08-01,5.464328110855732e-4,219523,417179,1314,96.8,40.8,453992,0.99,1.7,2.12,2.73,99.7055,14015.8,1445591,1.4,24,0.016552412618799472,4.25,2086.2796,8964.2537,-97.17588649692618,0.5215583559235126,0.10438062695563577,3.9556962025316444,3.6402569593147582,-0.487804878048792,0.8035561634467392,-5.714285714285716,-7.608695652173925,-7.826086956521728,-5.5363321799308025,-0.502648459422883,0.11357223980170694,0.5112505718803062,-0.7092198581560294,-2.4390243902439046,-1.2952871293439139,0,0.3878851044776921,0.2943910617805301
2017-09-01,0.019302978533243698,220706,426501,1257,95.1,40.8,466658,1.04,1.92,2.33,2.86,99.7485,14030.9,1452359,1.38,26.1,0.015953898457655935,4.25,2109.0664,9012.7398,3432.543826366383,0.5388956965785008,2.2345324189376736,-4.337899543378998,-1.7561983471074405,0,2.7899170029427767,5.050505050505061,12.941176470588234,9.905660377358494,4.761904761904767,0.04312700904163247,0.10773555558727388,0.4681822175151895,-1.4285714285714346,8.750000000000014,-3.6158726520856055,0,1.0922217712333593,0.5408827284752116
2017-10-01,0.02218813533034969,221952,426933,1346,100.7,41,466004,1.13,2.01,2.38,2.88,100.988,14062.7,1460463,1.37,26.2,0.017596390813271245,4.25,2108.7164,9059.3571,14.946692253411342,0.5645519378721042,0.10128932874717833,7.08035003977725,5.888538380651953,0.4901960784313708,-0.1401454598442542,8.653846153846146,4.6875,2.145922746781115,0.6993006993007089,1.2426252023839846,0.2266426244931008,0.5579887617317647,-0.7246376811594013,0.3831417624520883,10.295241379244914,0,-0.016595020431808827,0.5172378326066873
2017-11-01,0.02808262766445857,223228,431158,1302,98.5,41,478454,1.25,2.14,2.42,2.83,101.273,14078.4,1473085,1.36,25.7,0.017376072726981162,4.25,2104.5898,9090.5035,26.56596530690072,0.5748990772779683,0.9896166377394211,-3.268945022288261,-2.1847070506454846,0,2.67165088711685,10.619469026548689,6.467661691542315,1.680672268907557,-1.736111111111105,0.2822117479304387,0.11164285663491924,0.8642464752616208,-0.7299270072992692,-1.9083969465648831,-1.2520640660238058,0,-0.19569250753679324,0.34380364584591927
2017-12-01,0.009831630482604048,224483,433282,1309,95.9,40.8,477642,1.37,2.2,2.4,2.74,101.3696,14111.5,1482650,1.35,24.2,0.01770166453265043,4.5,2107.2073,9116.1054,-64.99034705699218,0.5622054580966651,0.49262683285478115,0.5376344086021501,-2.639593908629434,-0.487804878048792,-0.16971328487168647,9.600000000000009,2.8037383177570208,-0.8264462809917328,-3.180212014134276,0.09538573953571383,0.23511194453915696,0.6493175885980751,-0.7352941176470562,-5.836575875486383,1.8737939854711616,5.882352941176472,0.12437102945190848,0.2816334650770358
2018-01-01,0.05617870444413309,225679,432148,1352,95.7,40.7,469659,1.44,2.52,2.72,2.95,101.3561,14211.4,1465400,1.37,24.3,0.018385655595347883,4.5,2105.2277,9140.1612,471.40781016470174,0.5327797650601651,-0.26172331183847986,3.2849503437738736,-0.2085505735140769,-0.2450980392156743,-1.671335435326038,5.109489051094873,14.545454545454529,13.333333333333353,7.664233576642343,-0.013317602121354355,0.707933245934167,-1.1634573230364542,1.4814814814814836,0.4132231404958775,3.863992911151626,0,-0.09394424554243219,0.2638824250540184
2018-02-01,-0.03894737206189691,226903,434106,1332,99.7,41,474929,1.63,2.65,2.87,3.13,101.6495,14250.1,1469823,1.37,23.1,0.01820731639295947,4.5,2116.5178,9177.2608,-169.32764371707455,0.5423632681818003,0.45308551699880795,-1.4792899408283988,4.179728317659359,0.7371007371007376,1.1220907083649978,13.194444444444443,5.158730158730163,5.514705882352944,6.10169491525423,0.2894744371576996,0.27231659090589666,0.30182885219052213,0,-4.938271604938271,-0.9699909881567437,0,0.5362887824438278,0.4058965612116383
2018-03-01,-0.026884498624825115,228120,433232,1407,101.4,40.9,483526,1.7,2.56,2.74,2.97,102.298,14298.3,1467346,1.37,23.9,0.02065799540933444,4.75,2113.3111,9185.1126,-30.972239713377682,0.5363525383093259,-0.20133331490465034,5.630630630630629,1.7051153460381219,-0.24390243902439046,1.8101653089198644,4.294478527607359,-3.396226415094339,-4.529616724738672,-5.111821086261969,0.637976576372723,0.338243240398306,-0.1685236929888867,0,3.463203463203457,13.459858462846363,5.555555555555558,-0.15150829348092865,0.08555711961459878
2018-04-01,0.002718775131643536,229344,435610,1391,98.8,41.1,484494,1.84,2.79,2.95,3.11,103.4095,14329.5,1467032,1.36,22.7,0.021398973836410873,4.75,2169.3335,9283.4414,-110.11279834370065,0.5365597054181936,0.5488975883591207,-1.1371712864250205,-2.564102564102577,0.4889975550122383,0.2001960597775465,8.235294117647074,8.984375,7.664233576642343,4.713804713804692,1.0865315059922942,0.21820775896435052,-0.02139917919836698,-0.7299270072992692,-5.020920502092052,3.5868844599588723,0,2.650930097324533,1.0705236210168945
2018-05-01,0.021608341965291933,230570,439996,1331,98,40.9,489859,1.89,2.68,2.83,3,102.5408,14373.2,1475638,1.34,20.9,0.022753847989499976,4.75,2177.2942,9297.378,694.7822427016757,0.5345681596204743,1.006863937926128,-4.313443565780018,-0.8097165991902799,-0.48661800486619056,1.107340854582306,2.717391304347827,-3.9426523297490967,-4.067796610169494,-3.5369774919614128,-0.8400582151543046,0.3049652814124837,0.5866266039186607,-1.4705882352941235,-7.929515418502209,6.331491236200071,0,0.36696524531611985,0.1501232075424186
2018-06-01,0.004842436024186547,231735,438191,1320,98.2,40.9,491414,1.89,2.73,2.85,2.98,103.3045,14416.2,1473756,1.35,20.7,0.02265378595886336,5,2193.9923,9350.4,-77.58996950360822,0.5052695493776183,-0.4102310021000144,-0.8264462809917328,0.20408163265306367,0,0.3174382832610956,0,1.8656716417910335,0.7067137809187329,-0.666666666666671,0.7447767132692462,0.29916789580608505,-0.12753805472616175,0.746268656716409,-0.9569377990430561,-0.43975871985604265,5.263157894736836,0.7669197851167819,0.5702898171936033
2018-07-01,0.03602155622136727,232874,440703,1328,97.9,41,483690,1.99,2.85,2.96,3.08,103.5474,14467,1475209,1.35,22.9,0.02326725797170459,5,2199.7292,9372.2807,643.8726302515958,0.49150969857811866,0.5732659958785025,0.60606060606061,-0.3054989816700604,0.24449877750611915,-1.5717907914711393,5.291005291005302,4.395604395604402,3.8596491228070073,3.3557046979865834,0.23513012501874542,0.35238134876041105,0.09859162575081015,0,10.6280193236715,2.708033058823922,0,0.2614822303615316,0.2340081707734365
2018-08-01,0.030263211466054596,233911,439278,1264,96.2,41,499107,2.07,2.74,2.86,3.02,104.1659,14509.6,1482301,1.36,22.4,0.0217514403944008,5,2211.55,9392.4772,-15.985830040005144,0.4453051864957036,-0.3233470160175944,-4.81927710843374,-1.7364657814096018,0,3.187372077156847,4.020100502512558,-3.8596491228070184,-3.378378378378377,-1.9480519480519543,0.5973109899427786,0.2944632612151832,0.480745440137631,0.7407407407407307,-2.183406113537123,-6.514809691572521,0,0.5373752369155271,0.2154918386087168
2018-09-01,0.004294287102661443,234894,438985,1289,100.1,40.9,496571,2.15,2.94,3.05,3.19,104.1315,14498.8,1481916,1.36,24,0.022518709554926186,5.25,2222.8333,9426.6883,-85.81020686625335,0.4202453069757306,-0.06670035831523036,1.9778481012658222,4.054054054054035,-0.24390243902439046,-0.5081074799592078,3.864734299516903,7.299270072992692,6.643356643356646,5.629139072847678,-0.033024243058421554,-0.0744334785245715,-0.025973132312528957,0,7.14285714285714,3.5274406964004745,5.000000000000004,0.510198729397926,0.36423937233514003
2018-10-01,-0.06940335602442949,235811,444038,1275,98.6,40.8,490790,2.29,2.98,3.15,3.39,103.9874,14527.7,1478780,1.36,23,0.02157964074690555,5.25,2252.8609,9484.3248,-1716.1787594829377,0.3903888562500457,1.1510643871658566,-1.0861132660977546,-1.4985014985015033,-0.24449877750611915,-1.1641839736915793,6.511627906976747,1.3605442176870763,3.2786885245901676,6.269592476489039,-0.13838271800560298,0.1993268408420068,-0.21161793246040617,0,-4.1666666666666625,-4.170171499970376,0,1.3508705308670876,0.6114183281100027
2018-11-01,0.01785935678884898,236698,445242,1318,97.5,40.8,473094,2.32,2.84,3.01,3.3,103.9127,14550.4,1477080,1.38,22.2,0.02221688152047152,5.25,2277.5627,9513.1728,-125.73269912561953,0.3761486953534732,0.27114796481382264,3.37254901960784,-1.1156186612576002,0,-3.6056154363373283,1.3100436681222627,-4.697986577181212,-4.444444444444451,-2.6548672566371723,-0.07183562623932493,0.15625322659469365,-0.11495962888327105,1.4705882352941124,-3.4782608695652195,2.952972114039243,0,1.096463612112042,0.3041650366086168
2018-12-01,-0.09177689459656391,237565,434803,1338,98.3,40.9,481244,2.4,2.51,2.69,3.02,103.867,14719.3,1476549,1.4,22.2,0.021978108388639228,5.5,2316.5805,9593.5307,-613.8868979529406,0.36628953349837623,-2.3445676733102494,1.5174506828528056,0.8205128205128087,0.2450980392156854,1.7227020423002726,3.4482758620689724,-11.619718309859161,-10.63122923588039,-8.484848484848484,-0.043979224868562206,1.1607928304376403,-0.03594930538630692,1.449275362318847,0,-1.0747373865782062,4.761904761904767,1.713138347409715,0.8447013597818742
2019-01-01,0.07868440165503676,238401,440751,1295,91.2,40.8,490759,2.36,2.43,2.63,2.99,103.3023,14714.3,1484508,1.42,20.6,0.021413561661021152,5.5,2317.096,9627.3624,-185.7344345773742,0.3519036895165639,1.3679758419330224,-3.2137518684603905,-7.222787385554419,-0.24449877750611915,1.977167507542954,-1.6666666666666718,-3.1872509960159223,-2.230483271375472,-0.9933774834437026,-0.5436760472527391,-0.033969006678302716,0.5390271504704502,1.4285714285714235,-7.2072072072072,-2.5686775114363236,0,0.022252626230767625,0.3526511881595473
2019-02-01,0.029728889126352298,239120,439996,1304,93.8,40.7,483586,2.4,2.52,2.73,3.09,102.728,14742.1,1483800,1.42,21.9,0.020804639078444875,5.5,2328.1854,9676.4512,-62.21755710021431,0.3015926946615233,-0.1712985336391748,0.6949806949806847,2.8508771929824483,-0.2450980392156743,-1.4616135414735165,1.6949152542372836,3.703703703703698,3.802281368821303,3.3444816053511683,-0.5559411552308213,0.18893185540598267,-0.04769256885109874,0,6.31067961165046,-2.8436305562595465,0,0.47859044251943317,0.5098883573760427
2019-03-01,0.017924256211817147,239710,447167,1316,98.4,40.7,494863,2.35,2.23,2.41,2.81,102.8635,14732.5,1483449,1.41,22.1,0.020513180909545348,5.5,2321.6961,9675.6779,-39.70761525721216,0.24673803947807826,1.6297875435231202,0.9202453987730008,4.904051172707891,0,2.331953365068462,-2.083333333333326,-11.507936507936511,-11.721611721611714,-9.06148867313915,0.13190172104977638,-0.06511962339151856,-0.0236554791750887,-0.7042253521126751,0.9132420091324311,-1.400928743827623,0,-0.2787278023476891,-0.007991566164244901
2019-04-01,0.039313498395682656,240259,448709,1337,97.2,40.6,492222,2.38,2.28,2.51,2.93,102.2543,14678,1469179,1.42,22.7,0.0208688129133332,5.5,2324.9802,9721.4187,119.33126781441538,0.22902674064495532,0.34483761100438937,1.5957446808510634,-1.2195121951219523,-0.24570024570025328,-0.5336830597559294,1.2765957446808418,2.2421524663676973,4.149377593360981,4.270462633451966,-0.5922411739829991,-0.3699304259290659,-0.9619474616249013,0.7092198581560183,2.714932126696823,1.7336755589298702,0,0.14145262164155792,0.4727400030544615
2019-05-01,-0.06577773118928687,240974,449552,1337,100,40.6,478025,2.3,1.93,2.14,2.58,102.4519,14673.5,1473415,1.42,23.8,0.02010491889979038,5.5,2328.4564,9765.5882,-267.31589370970477,0.29759551151049557,0.18787231813937044,0,2.8806584362139898,0,-2.884267667840934,-3.361344537815125,-15.350877192982448,-14.741035856573692,-11.945392491467576,0.1932437071106019,-0.03065812781032351,0.2883242954057952,0,4.845814977973584,-3.6604574333730544,0,0.14951525178579228,0.4543524084607009
2019-06-01,0.06893016392561213,241764,450927,1276,98.2,40.7,480142,2.08,1.76,2,2.52,102.384,14686.4,1485563,1.42,21.5,0.021347917451611798,5.5,2343.7488,9818.5821,-204.7925531624884,0.32783619809606535,0.30586005623376433,-4.562453253552734,-1.8000000000000016,0.24630541871921707,0.44286386695255864,-9.565217391304337,-8.808290155440412,-6.542056074766355,-2.3255813953488413,-0.06627500319661417,0.0879135857157376,0.8244791861084622,0,-9.663865546218487,6.1825593926388756,0,0.6567612775570941,0.5426595809149504
2019-07-01,0.013128152149977756,242607,454012,1369,98.4,40.4,486699,2.04,1.84,2.02,2.53,102.0568,14703.7,1485053,1.43,19.5,0.02188498650367654,5.5,2347.8195,9846.8266,-80.95441617671857,0.348687149451532,0.6841462143539756,7.288401253918497,0.20366598778003286,-0.7371007371007487,1.3656376655239555,-1.9230769230769273,4.545454545454541,1.0000000000000009,0.3968253968253954,-0.31958118456009155,0.11779605621529132,-0.03433041883784682,0.7042253521126751,-9.302325581395355,2.5157913097710205,0,0.17368328892586327,0.2876637350722966
2019-08-01,-0.01809162728132674,243355,456500,1479,89.8,40.5,481697,1.95,1.39,1.5,1.96,102.6882,14777.8,1493174,1.43,21.9,0.023667974018323434,5.25,2366.7677,9873.5028,-237.80787329888912,0.3083175670941074,0.548003136480979,8.035062089116153,-8.739837398373995,0.24752475247524774,-1.0277399378260443,-4.4117647058823595,-24.456521739130444,-25.742574257425744,-22.529644268774696,0.618675090733789,0.5039547868903593,0.5468491696929423,0,12.307692307692308,8.147080713745769,-4.545454545454541,0.8070552272012366,0.27091164578849636
2019-09-01,0.017181177829208583,244147,452849,1439,93.2,40.5,481257,1.84,1.55,1.68,2.12,102.3143,14807.9,1491257,1.43,22.3,0.02353145973965698,5,2375.1478,9922.7889,-194.96756462002799,0.32545047358796264,-0.7997809419496127,-2.704530087897228,3.786191536748329,0,-0.09134372852643846,-5.641025641025632,11.510791366906492,11.99999999999999,8.163265306122458,-0.36411194275485226,0.20368390423473048,-0.12838423385351794,0,1.82648401826484,-0.5767890338259085,-4.761904761904767,0.35407361694179684,0.4991754294129569
2019-10-01,0.020431770730503063,244953,455486,1509,95.5,40.3,486286,1.51,1.51,1.69,2.17,101.4645,14821.4,1482087,1.43,22.4,0.023251234570284662,4.75,2365.785,9956.3683,18.919499778230353,0.3301289796720841,0.5823133097345945,4.864489228630986,2.467811158798283,-0.4938271604938316,1.0449718133969998,-17.934782608695656,-2.580645161290329,0.5952380952380931,2.3584905660377187,-0.8305779348536824,0.09116755245510699,-0.6149174823655512,0,0.4484304932735439,-1.190853319227203,-5.000000000000004,-0.39419862629181956,0.33840687671991
2019-11-01,0.034047037421886195,245744,457658,1509,96.8,40.5,470340,1.56,1.62,1.78,2.21,101.9876,14885.9,1488074,1.43,20.3,0.02314852286523683,4.75,2369.5648,10001.0226,66.63772254969847,0.3229190906010482,0.47685329516165,0,1.3612565445026092,0.496277915632759,-3.2791402590245267,3.31125827814569,7.284768211920545,5.3254437869822535,1.8433179723502224,0.5155497735661152,0.43518156179578327,0.40395739251475327,0,-9.37499999999999,-0.44174731770629805,0,0.1597693788742527,0.44849988122677154
2019-12-01,0.028589818964716907,246555,458055,1453,99.3,40.4,478052,1.52,1.69,1.92,2.39,101.6179,14844.1,1485052,1.43,21,0.022344133510814324,4.75,2357.2802,10024.1273,-16.02846787973765,0.33001823035354594,0.08674599810338801,-3.711066931742879,2.5826446280991844,-0.24691358024692134,1.6396649232470084,-2.564102564102566,4.320987654320985,7.86516853932584,8.144796380090513,-0.3624950484176437,-0.2808026387386642,-0.2030812983762953,0,3.4482758620689724,-3.47490576010141,0,-0.5184327518707232,0.2310233755496105
2020-01-01,-0.0016280925822201864,247412,460586,1550,99.8,40.4,464438,1.52,1.32,1.51,1.99,101.0918,14976.5,1486517,1.42,22,0.022584384379773947,4.75,2349.9187,10038.0805,-105.69465859238016,0.34758978726856515,0.5525537326303676,6.6758430832759785,0.5035246727089548,0,-2.847807351501508,0,-21.893491124260343,-21.354166666666664,-16.736401673640167,-0.5177237474893737,0.8919368638044656,0.09864974425137785,-0.6993006993006978,4.761904761904767,1.0752301889144444,0,-0.31228786463314284,0.1391961572555056
2020-02-01,-0.08411048367946572,248346,459610,1478,101,40.6,462877,1.25,0.89,1.13,1.65,101.32470000000001,15068.8,1491663,1.42,20.8,0.02375759434233493,4.75,2350.0084,10076.5283,5066.19783162248,0.3775079624270372,-0.21190396581746151,-4.645161290322585,1.2024048096192397,0.4950495049504955,-0.33610514212876197,-17.763157894736846,-32.57575757575758,-25.16556291390729,-17.0854271356784,0.23038466027907045,0.6162988682268944,0.3461783484480785,0,-5.454545454545457,5.194783895069044,0,0.0038171533338626773,0.3830194428108058
2020-03-01,-0.1251192824598233,249140,434281,1382,89.1,40.4,402748,0.11,0.37,0.7,1.35,97.4477,14844,1432305,1.5,16.9,0.021172077648805132,3.25,2694.5896,10597.1579,48.75587083369637,0.3197152360013833,-5.51097669763495,-6.495263870094725,-11.782178217821793,-0.49261083743843415,-12.990276034454073,-91.2,-58.42696629213483,-38.05309734513275,-18.181818181818176,-3.826312833889478,-1.491824166489697,-3.979317044131281,5.633802816901423,-18.75000000000001,-10.882906140553672,-31.57894736842105,14.662977374889374,5.166755696999337
2020-04-01,0.12684403825663826,250271,379892,1094,71.8,38,361862,0.09,0.36,0.64,1.28,84.2018,17170.7,1267304,1.73,7.2,0.014555768481970377,3.25,3009.3739,10846.2351,-201.37848920079028,0.45396162800031004,-12.523918845171679,-20.839363241678722,-19.41638608305275,-5.940594059405935,-10.15175742648008,-18.181818181818187,-2.7027027027027084,-8.571428571428562,-5.185185185185192,-13.592829794854055,15.67434653732147,-11.519962577802911,15.333333333333332,-57.39644970414201,-31.250164847228177,0,11.682086949344717,2.3504151051670252
2020-05-01,0.04528181967606559,251295,444631,1246,72.3,38.7,380125,0.14,0.3,0.65,1.41,85.8434,16333,1368553,1.55,10.5,0.01252282508834579,3.25,3016.7486,10805.2597,-64.30118411679013,0.4091564743817777,17.041422298969188,13.893967093235826,0.696378830083555,1.8421052631579116,5.046951600333838,55.55555555555558,-16.666666666666664,1.5625,10.15625,1.949602027510089,-4.878659577070243,7.9893222147172205,-10.404624277456643,45.83333333333333,-13.966582363155256,0,0.24505761813113924,-0.37778454571761877
2020-06-01,0.018388396357494674,253570,475723,1296,78.1,39.1,413666,0.16,0.29,0.66,1.41,91.1622,16057.3,1473373,1.41,14.2,0.01195307003365742,3.25,2907.4625,10653.5987,-59.391215969145016,0.9053104916532329,6.992764786980654,4.01284109149278,8.022130013831251,1.033591731266137,8.823676422229521,14.28571428571428,-3.3333333333333326,1.538461538461533,0,6.195933525466124,-1.6879936325231215,7.659184554781584,-9.03225806451614,35.23809523809523,-4.549732593635003,0,-3.6226452545631393,-1.4035849596470085
2020-07-01,0.055101321441235696,255872,481303,1542,72.5,39.7,438265,0.09,0.21,0.55,1.2,94.8887,16151.9,1512209,1.36,16.8,0.015412291121898125,3.25,2848.7613,10580.4357,199.6526742734567,0.9078361004850821,1.1729514864742718,18.981481481481488,-7.170294494238149,1.534526854219953,5.946584926003107,-43.75,-27.586206896551722,-16.666666666666664,-14.893617021276595,4.08776883401234,0.5891401418669506,2.6358566364389713,-3.5460992907801248,18.309859154929597,28.940021923240145,0,-2.018983907789007,-0.6867444706735615
2020-08-01,0.07006466708724646,257804,483422,1522,74.1,40,444422,0.11,0.28,0.72,1.49,95.8924,15553.9,1515433,1.35,19.8,0.017138963030268517,3.25,2809.9443,10538.6032,27.156055888730045,0.7550650325162556,0.44026320218240045,-1.2970168612191912,2.2068965517241246,0.7556675062972307,1.404857791518821,22.222222222222232,33.33333333333335,30.909090909090885,24.16666666666667,1.0577655716644818,-3.7023508070258004,0.21319804339214876,-0.7352941176470562,17.85714285714286,11.20321368649142,0,-1.3625922256104817,-0.39537596736209935
2020-09-01,-0.03922797028993141,258021,493411,1589,80.4,40.2,449061,0.1,0.28,0.69,1.46,95.6019,15643.4,1524622,1.35,21.3,0.01724945953709156,3.25,2724.0655,10474.2344,-155.9882347561627,0.08417247211058854,2.0663105940565307,4.402102496714844,8.502024291498,0.5000000000000115,1.0438277132995166,-9.090909090909083,0,-4.166666666666674,-2.0134228187919434,-0.3029437160817716,0.5754183838136973,0.6063613501883669,0,7.575757575757569,0.6447094064436554,0,-3.056245634477517,-0.6107906216641701
2020-10-01,-0.02766578620279514,260504,492938,1595,81.8,40.5,453094,0.09,0.38,0.88,1.65,96.6454,15568.4,1539562,1.35,22,0.016274304861160882,3.25,2683.5106,10403.9494,-29.474336810395517,0.9623247720146777,-0.09586328638802044,0.37759597230961894,1.741293532338295,0.746268656716409,0.8980962497299849,-10.000000000000009,35.7142857142857,27.536231884057983,13.013698630136993,1.091505503551704,-0.4794354168531134,0.9799150215594521,0,3.2863849765258246,-5.653247708044418,0,-1.4887637613706484,-0.6710275645540276
2020-11-01,0.10754563548003038,263427,487017,1696,76.9,40.3,460424,0.08,0.36,0.84,1.58,97.1609,15366.5,1536717,1.35,23.5,0.01640542301882375,3.25,2632.9557,10349.2325,-488.73153537622863,1.122055707397962,-1.2011652581054855,6.332288401253927,-5.990220048899742,-0.4938271604938316,1.617765849911934,-11.111111111111105,-5.263157894736848,-4.545454545454552,-4.242424242424237,0.5333932085748616,-1.2968577374682044,-0.1847928176974989,0,6.818181818181812,0.8056759338199715,0,-1.8839090853600582,-0.5259243187015095
2020-12-01,0.03712145894064567,266596,485541,1758,80.7,40.1,468324,0.09,0.36,0.93,1.65,98.2854,15393.8,1530635,1.35,23.7,0.015962851186489102,3.25,2594.9344,10345.6526,-65.48306328289951,1.2029898226074032,-0.30306950270729827,3.655660377358494,4.941482444733425,-0.4962779156327479,1.7158097753375179,12.5,0,10.71428571428572,4.430379746835422,1.157358567077904,0.17765919370058558,-0.39577879336273325,0,0.8510638297872353,-2.6977166747046755,0,-1.4440539200868407,-0.034590970876346994
2021-01-01,-0.011136660723231162,270529,518517,1883,79,40.5,479160,0.06,0.45,1.11,1.87,99.4076,16988.6,1579345,1.3,26.1,0.013872936513298573,3.25,2563.9031,10332.7008,-130.00060084124877,1.4752659454755568,6.791599473576904,7.110352673492604,-2.106567534076831,0.9975062344139696,2.313782765777539,-33.333333333333336,25,19.354838709677423,13.333333333333353,1.1417769068447603,10.360015071002614,3.182339355888253,-3.703703703703709,10.126582278481022,-13.092364570556326,0,-1.195841405470599,-0.12519074920415152
2021-02-01,0.02609145134964752,274388,504458,1726,76.8,40.4,481195,0.04,0.75,1.44,2.17,96.3966,15548.2,1531244,1.33,27.8,0.012876147115316039,3.25,2597.2185,10375.7024,-334.2843335006206,1.4264644455862507,-2.711386511917646,-8.33775889537971,-2.784810126582282,-0.24691358024692134,0.4247015610651994,-33.33333333333333,66.66666666666666,29.729729729729716,16.042780748663098,-3.028943461063338,-8.47862684388353,-3.0456296755933643,2.3076923076922995,6.513409961685812,-7.1851363049705625,0,1.2994016817562182,0.4161699911024108
2021-03-01,0.04243863273788384,278309,559871,1755,84.9,40.5,488073,0.03,0.92,1.74,2.41,99.1618,19119.5,1591781,1.26,29.4,0.016600728319021707,3.25,2558.0363,10343.212,62.65340003195017,1.4289983526976302,10.984660764622634,1.6801853997682414,10.546875000000021,0.24752475247524774,1.4293581604131411,-25,22.66666666666668,20.83333333333335,11.059907834101402,2.8685659037766875,22.96921830179699,3.9534522257719917,-5.263157894736848,5.755395683453224,28.9262088290007,0,-1.5086216273293762,-0.31313928202104657
2021-04-01,0.05242532126726629,282346,562269,1733,88.3,40.4,487409,0.01,0.86,1.65,2.3,99.2416,16146.9,1585058,1.25,28.5,0.029717313025122927,3.25,2552.3134,10357.258,23.532069449701186,1.4505459758757278,0.4283129506618577,-1.2535612535612528,4.004711425206109,-0.24691358024692134,-0.13604522274331954,-66.66666666666666,-6.521739130434789,-5.1724137931034475,-4.564315352697113,0.08047453757396017,-15.547477706006962,-0.4223570956054856,-0.7936507936507908,-3.0612244897959107,79.0121038910791,0,-0.2237223920551923,0.1357992082150039
2021-05-01,0.005486488573281045,287579,550781,1683,82.9,40.4,498587,0.01,0.79,1.58,2.26,99.9226,15669.5,1551428,1.26,29.4,0.03806013418371568,3.25,2535.5328,10377.1457,-89.53465912910534,1.8533997294100102,-2.043150164778784,-2.8851702250432765,-6.11551528878821,0,2.293351169141311,0,-8.139534883720923,-4.242424242424237,-1.7391304347826098,0.686204172443805,-2.9566046733428664,-2.121688922424292,0.8000000000000007,3.157894736842093,28.073941784507085,0,-0.6574662813743859,0.19201703771403178
2021-06-01,0.022214009634219822,293121,554388,1594,85.5,40.3,506128,0.05,0.87,1.45,2.06,100.4704,15603.3,1559335,1.25,31.6,0.04447400859865902,3.25,2456.9088,10362.3837,304.8857358858097,1.9271226341283532,0.654888240516649,-5.288175876411172,3.1363088057901,-0.24752475247524774,1.5124742522368173,400,10.126582278481,-8.227848101265833,-8.849557522123884,0.5482243256280217,-0.4224767861131573,0.5096594879040461,-0.7936507936507908,7.48299319727892,16.851949034082935,0,-3.1008867248729644,-0.14225491697585912
2021-07-01,0.022748054915648686,298933,543191,1630,81.2,40.5,509490,0.06,0.69,1.24,1.89,101.1676,15729.1,1558848,1.25,29.4,0.042018000239205655,3.25,2453.9776,10407.6008,2.404092238288169,1.9827989123945455,-2.0197046112109263,2.258469259723972,-5.029239766081872,0.496277915632759,0.6642588436126751,19.999999999999996,-20.6896551724138,-14.482758620689651,-8.252427184466027,0.6939357263432866,0.8062397057032822,-0.031231262044395525,0,-6.9620253164556996,-5.522345380684701,0,-0.11930438769237606,0.43635809393933744
2021-08-01,0.02899041621741527,304661,550293,1721,70.3,40.4,514637,0.04,0.77,1.3,1.92,101.0927,15712.4,1556107,1.26,29.4,0.03961855416843463,3.25,2423.0844,10433.5333,27.441296958855087,1.9161484345990631,1.3074590705663303,5.5828220858895605,-13.423645320197053,-0.24691358024692134,1.0102259121866908,-33.33333333333333,11.594202898550732,4.8387096774193505,1.5873015873015817,-0.07403556079218498,-0.10617263543368782,-0.17583497557170924,0.8000000000000007,0,-5.7105194371725005,0,-1.2589030967519843,0.24916885743733186
2021-09-01,-0.04756916886178675,309294,554233,1586,72.8,40.4,517066,0.04,0.98,1.52,2.08,99.844,15458.1,1563118,1.26,28.3,0.040367524670074983,3.25,2415.55,10468.5184,-264.08584307668804,1.5207066214579568,0.715982213111932,-7.84427658338176,3.5561877667140918,0,0.4719831648326789,0,27.27272727272727,16.92307692307693,8.333333333333348,-1.2352029375019113,-1.6184669433059184,0.4505474237953999,0,-3.741496598639449,1.890453898080624,0,-0.3109425325836801,0.33531402061084403
2021-10-01,0.0691438364596475,313399,565388,1653,71.7,40.3,523433,0.05,1.18,1.55,1.93,101.2341,15432.6,1570165,1.24,26.9,0.04593958385932595,3.25,2417.8331,10517.5401,-245.3543085029432,1.3272161761948231,2.0126914131782137,4.224464060529631,-1.5109890109890056,-0.24752475247524774,1.2313708501429321,25,20.408163265306122,1.9736842105263275,-7.211538461538469,1.3922719442330145,-0.16496205872649217,0.4508296878418694,-1.5873015873015928,-4.946996466431108,13.803321444135053,0,0.09451677671750147,0.4682773447673316
2021-11-01,-0.008333706225119974,317293,569560,1717,67.4,40.3,533104,0.05,1.14,1.43,1.78,102.1319,15402.5,1565491,1.25,29.1,0.0495263438787914,3.25,2438.6538,10598.1713,-112.05271019345817,1.2425055600049806,0.7379003445421528,3.8717483363581273,-5.997210599721059,0,1.8476099137807456,0,-3.3898305084745783,-7.741935483870977,-7.772020725388595,0.8868553185142236,-0.1950416650467246,-0.2976757219782633,0.8064516129032251,8.178438661710041,7.807558793846847,0,0.8611305718331019,0.766635536763971
